104 101 256
32 116 257
32 97 258
32 115 259
110 100 260
32 119 261
257 256 262
101 100 263
258 260 264
257 111 265
32 98 266
105 110 267
32 104 268
261 97 269
114 101 270
111 117 271
32 102 272
105 116 273
32 108 274
32 99 275
32 100 276
101 114 277
32 256 278
32 109 279
32 112 280
269 115 281
111 109 282
32 84 283
32 111 284
97 121 285
97 114 286
105 115 287
267 103 288
105 108 289
32 103 290
105 100 291
46 10 292
97 116 293
101 110 294
32 110 295
259 97 296
268 97 297
32 83 298
283 256 299
97 110 300
105 109 301
111 114 302
111 110 303
32 273 304
257 104 305
108 108 306
108 101 307
32 72 308
268 277 309
111 116 310
101 116 311
105 114 312
298 256 313
101 115 314
308 101 315
101 260 316
32 267 317
118 277 318
117 116 319
111 119 320
299 121 321
99 107 322
32 117 323
108 100 324
32 121 325
111 111 326
296 291 327
105 103 328
32 34 329
289 121 330
101 120 331
32 114 332
266 101 333
97 109 334
259 116 335
32 73 336
99 101 337
107 101 338
259 256 339
118 101 340
112 112 341
273 104 342
261 342 343
76 330 344
79 110 345
32 303 346
325 271 347
284 102 348
107 263 349
114 105 350
259 111 351
102 116 352
110 116 353
268 287 354
280 108 355
97 100 356
318 121 357
276 285 358
305 293 359
323 112 360
355 285 361
268 356 362
115 116 363
101 108 364
262 121 365
32 344 366
331 116 367
279 282 368
261 101 369
272 302 370
32 101 371
32 66 372
117 110 373
271 324 374
39 115 375
109 121 376
84 256 377
274 105 378
111 352 379
62 10 380
60 124 381
124 380 382
316 379 383
383 367 384
99 104 385
101 353 386
297 341 387
269 353 388
273 116 389
259 104 390
111 319 391
104 277 392
34 10 393
276 111 394
108 121 395
295 310 396
282 101 397
115 101 398
32 357 399
271 260 400
97 306 401
261 104 402
301 101 403
389 307 404
32 107 405
257 403 406
274 404 407
97 108 408
32 10 409
262 270 410
104 116 411
32 77 412
32 270 413
387 121 414
259 109 415
266 328 416
32 287 417
336 116 418
266 319 419
97 322 420
32 300 421
296 119 422
350 316 423
272 423 424
114 121 425
258 115 426
114 97 427
295 101 428
345 101 429
291 101 430
97 338 431
39 116 432
117 103 433
274 326 434
118 263 435
369 270 436
111 270 437
345 337 438
274 111 439
101 99 440
268 301 441
257 326 442
290 111 443
266 111 444
32 398 445
312 108 446
258 270 447
32 106 448
283 301 449
286 100 450
388 263 451
105 306 452
290 446 453
360 303 454
262 109 455
32 391 456
32 293 457
117 114 458
105 260 459
262 312 460
102 117 461
259 112 462
119 285 463
32 65 464
415 289 465
276 291 466
275 374 467
104 294 468
297 340 469
97 267 470
286 116 471
104 263 472
116 277 473
32 331 474
114 282 475
261 386 476
32 286 477
105 99 478
275 300 479
32 74 480
108 112 481
461 108 482
372 294 483
46 393 484
326 100 485
104 288 486
33 34 487
424 115 488
295 334 489
328 411 490
32 401 491
278 481 492
405 110 493
117 109 494
303 101 495
286 107 496
266 420 497
259 285 498
89 271 499
272 373 500
275 108 501
283 282 502
97 270 503
295 111 504
32 307 505
111 112 506
465 263 507
259 99 508
489 263 509
32 408 510
111 433 511
439 435 512
115 430 513
364 116 514
32 429 515
279 300 516
426 349 517
105 322 518
265 121 519
378 338 520
272 101 521
272 514 522
434 349 523
259 397 524
477 400 525
445 101 526
279 101 527
334 101 528
282 311 529
32 87 530
332 111 531
266 114 532
117 270 533
449 376 534
266 312 535
103 311 536
105 337 537
444 121 538
261 374 539
335 471 540
303 103 541
195 162 542
130 172 543
226 543 544
115 115 545
535 100 546
259 529 547
272 97 548
100 100 549
288 115 550
258 103 551
261 302 552
402 293 553
356 101 554
279 431 555
107 288 556
44 34 557
105 101 558
372 319 559
320 110 560
257 270 561
332 300 562
536 392 563
32 499 564
258 463 565
97 103 566
286 263 567
498 115 568
540 263 569
271 100 570
279 554 571
275 286 572
547 486 573
265 563 574
273 263 575
116 392 576
280 496 577
275 111 578
259 356 579
284 576 580
428 119 581
474 99 582
280 319 583
272 475 584
280 114 585
101 306 586
63 34 587
32 76 588
274 97 589
268 433 590
98 307 591
279 117 592
326 107 593
97 385 594
551 470 595
105 102 596
268 397 597
261 468 598
46 34 599
290 485 600
104 293 601
101 112 602
402 111 603
101 363 604
350 263 605
272 400 606
272 108 607
257 468 608
32 385 609
276 440 610
341 263 611
261 408 612
97 115 613
32 536 614
113 117 615
361 288 616
511 411 617
112 108 618
32 69 619
408 395 620
259 119 621
271 115 622
110 110 623
305 550 624
582 575 625
378 349 626
290 310 627
117 322 628
114 111 629
291 263 630
610 630 631
266 108 632
97 340 633
32 118 634
275 528 635
371 357 636
97 427 637
347 114 638
32 68 639
412 282 640
97 120 641
508 567 642
117 363 643
32 495 644
394 103 645
276 560 646
271 398 647
110 121 648
272 459 649
275 503 650
266 440 651
105 363 652
305 300 653
33 393 654
521 364 655
97 112 656
117 101 657
117 549 658
623 97 659
276 356 660
258 98 661
377 121 662
32 376 663
274 593 664
32 338 665
111 458 666
261 452 667
286 110 668
290 114 669
117 115 670
260 277 671
290 427 672
463 115 673
101 545 674
466 110 675
280 111 676
102 101 677
510 673 678
257 593 679
661 391 680
97 353 681
98 98 682
274 310 683
368 376 684
519 115 685
493 101 686
277 115 687
105 398 688
273 101 689
456 513 690
561 101 691
305 617 692
266 401 693
32 70 694
279 437 695
33 10 696
440 105 697
298 334 698
294 263 699
99 472 700
257 97 701
284 324 702
268 111 703
505 668 704
114 311 705
317 116 706
103 263 707
493 320 708
589 433 709
257 431 710
697 408 711
462 711 712
259 302 713
275 293 714
658 294 715
686 119 716
412 641 717
105 340 718
105 97 719
63 393 720
280 101 721
258 648 722
715 395 723
257 114 724
102 473 725
268 320 726
109 97 727
390 320 728
267 107 729
713 425 730
257 119 731
66 319 732
592 385 733
97 117 734
287 104 735
332 373 736
97 260 737
268 737 738
259 108 739
118 294 740
268 647 741
32 302 742
32 506 743
259 107 744
279 111 745
501 111 746
259 373 747
706 111 748
257 605 749
317 513 750
293 101 751
265 324 752
269 473 753
305 287 754
32 294 755
300 107 756
32 596 757
585 570 758
494 112 759
32 615 760
284 318 761
467 110 762
84 282 763
100 121 764
290 633 765
278 450 766
298 637 767
428 318 768
98 121 769
371 594 770
97 337 771
531 282 772
474 618 773
619 357 774
116 121 775
371 293 776
530 101 777
111 576 778
734 398 779
280 518 780
105 303 781
280 705 782
464 659 783
77 282 784
361 263 785
103 101 786
311 473 787
448 643 788
97 107 789
590 707 790
290 270 791
256 270 792
348 102 793
275 282 794
261 293 795
310 104 796
444 120 797
295 537 798
39 109 799
335 114 800
651 779 801
428 263 802
105 307 803
516 121 804
272 111 805
117 99 806
448 111 807
333 286 808
415 401 809
105 122 810
266 117 811
118 288 812
274 541 813
267 101 814
103 425 815
301 408 816
302 116 817
421 816 818
259 110 819
511 104 820
257 425 821
323 353 822
105 324 823
115 364 824
458 116 825
822 289 826
480 420 827
115 263 828
405 459 829
704 263 830
32 301 831
439 340 832
266 787 833
607 320 834
275 401 835
276 303 836
72 101 837
480 111 838
32 316 839
32 356 840
117 306 841
266 604 842
118 386 843
89 314 844
286 115 845
458 112 846
97 764 847
101 109 848
270 334 849
97 319 850
458 110 851
412 719 852
275 307 853
464 260 854
118 314 855
544 197 856
856 147 857
450 294 858
32 67 859
290 858 860
548 363 861
650 482 862
98 277 863
333 850 864
108 395 865
84 104 866
371 740 867
112 116 868
266 427 869
272 105 870
105 314 871
653 349 872
275 256 873
298 111 874
709 472 875
744 121 876
32 769 877
73 116 878
308 277 879
448 759 880
290 108 881
97 398 882
274 570 883
824 102 884
105 648 885
257 101 886
32 463 887
119 110 888
864 105 889
275 397 890
307 119 891
274 652 892
261 111 893
889 482 894
268 450 895
683 115 896
32 427 897
335 452 898
272 334 899
818 115 900
32 542 901
268 825 902
323 671 903
283 468 904
440 116 905
335 285 906
110 288 907
274 311 908
99 116 909
266 796 910
275 117 911
308 287 912
104 314 913
98 101 914
296 677 915
694 475 916
326 108 917
270 101 918
578 108 919
731 111 920
266 356 921
266 593 922
831 112 923
506 307 924
332 848 925
300 101 926
378 435 927
107 285 928
111 322 929
806 121 930
612 349 931
84 301 932
97 363 933
846 114 934
532 633 935
390 374 936
304 115 937
111 98 938
287 472 939
421 815 940
259 934 941
899 330 942
114 674 943
328 104 944
87 468 945
721 924 946
272 891 947
835 263 948
78 111 949
332 263 950
335 302 951
105 112 952
351 303 953
272 267 954
104 110 955
76 311 956
108 263 957
665 868 958
272 437 959
102 437 960
276 300 961
390 503 962
272 395 963
105 828 964
549 263 965
280 478 966
544 226 967
394 302 968
443 288 969
32 80 970
32 945 971
782 775 972
665 602 973
295 320 974
332 929 975
853 300 976
276 427 977
97 425 978
840 843 979
494 376 980
504 688 981
743 699 982
390 885 983
97 786 984
773 437 985
261 459 986
394 306 987
275 425 988
275 303 989
32 430 990
333 960 991
105 263 992
66 294 993
105 865 994
413 408 995
335 111 996
115 111 997
87 601 998
669 400 999
510 997 1000
108 314 1001
257 851 1002
132 162 1003
967 1003 1004
371 121 1005
84 601 1006
272 286 1007
990 97 1008
272 114 1009
111 303 1010
504 965 1011
919 302 1012
261 286 1013
111 121 1014
116 533 1015
655 288 1016
32 373 1017
966 349 1018
301 98 1019
116 104 1020
588 930 1021
295 367 1022
612 556 1023
116 486 1024
639 356 1025
501 1019 1026
268 613 1027
117 385 1028
32 727 1029
305 114 1030
402 803 1031
101 311 1032
266 263 1033
979 533 1034
415 803 1035
107 314 1036
285 914 1037
866 756 1038
478 263 1039
103 277 1040
105 622 1041
32 71 1042
333 288 1043
276 596 1044
261 114 1045
746 115 1046
272 485 1047
106 1014 1048
290 718 1049
966 1015 1050
305 729 1051
298 112 1052
434 556 1053
276 364 1054
102 102 1055
97 99 1056
724 628 1057
269 273 1058
1005 314 1059
433 411 1060
257 320 1061
413 618 1062
266 629 1063
996 611 1064
116 288 1065
892 294 1066
290 105 1067
258 725 1068
266 270 1069
32 560 1070
634 111 1071
612 107 1072
848 863 1073
298 723 1074
893 671 1075
791 293 1076
738 115 1077
83 723 1078
390 391 1079
278 356 1080
755 1048 1081
923 817 1082
834 687 1083
371 318 1084
396 1039 1085
632 657 1086
370 604 1087
682 273 1088
83 256 1089
810 263 1090
258 341 1091
312 363 1092
428 286 1093
760 518 1094
276 287 1095
276 101 1096
97 591 1097
1082 681 1098
925 1073 1099
116 263 1100
272 735 1101
306 320 1102
259 400 1103
739 430 1104
32 670 1105
727 122 1106
1062 992 1107
258 1106 1108
32 1056 1109
307 882 1110
552 107 1111
795 385 1112
332 470 1113
728 263 1114
897 1088 1115
284 928 1116
103 300 1117
257 408 1118
769 101 1119
677 270 1120
682 263 1121
426 107 1122
1044 1120 1123
527 300 1124
332 490 1125
325 101 1126
100 285 1127
795 700 1128
532 490 1129
805 1102 1130
87 101 1131
1052 310 1132
83 111 1133
636 495 1134
800 541 1135
259 615 1136
335 518 1137
323 398 1138
333 294 1139
279 302 1140
1071 537 1141
257 427 1142
277 263 1143
1094 395 1144
97 1020 1145
32 666 1146
261 792 1147
325 586 1148
32 78 1149
640 376 1150
65 659 1151
1123 353 1152
372 938 1153
609 823 1154
911 350 1155
444 293 1156
110 103 1157
259 533 1158
298 657 1159
651 528 1160
600 1119 1161
272 771 1162
355 771 1163
300 786 1164
268 506 1165
268 944 1166
32 334 1167
76 593 1168
97 1060 1169
32 82 1170
1046 277 1171
335 437 1172
1013 109 1173
394 314 1174
275 114 1175
276 943 1176
83 637 1177
373 648 1178
1155 622 1179
279 566 1180
289 97 1181
74 111 1182
275 593 1183
266 364 1184
370 103 1185
257 586 1186
548 118 1187
260 727 1188
97 545 1189
271 353 1190
99 111 1191
305 918 1192
307 602 1193
295 490 1194
743 294 1195
275 431 1196
109 437 1197
32 792 1198
722 1197 1199
632 929 1200
272 1092 1201
273 99 1202
266 670 1203
280 841 1204
105 545 1205
97 700 1206
72 277 1207
312 263 1208
419 473 1209
32 122 1210
301 314 1211
32 866 1212
302 110 1213
621 1032 1214
280 470 1215
405 291 1216
672 1121 1217
67 300 1218
280 117 1219
34 73 1220
287 121 1221
346 395 1222
279 303 1223
505 97 1224
272 586 1225
266 97 1226
332 117 1227
578 353 1228
546 115 1229
880 263 1230
881 356 1231
266 273 1232
259 737 1233
1202 468 1234
405 1234 1235
492 263 1236
445 314 1237
870 270 1238
280 277 1239
607 111 1240
335 506 1241
767 104 1242
387 699 1243
259 288 1244
669 1189 1245
266 1178 1246
1079 263 1247
996 425 1248
32 956 1249
257 350 1250
353 115 1251
276 114 1252
97 312 1253
65 725 1254
480 926 1255
341 121 1256
413 1206 1257
333 104 1258
995 1090 1259
325 980 1260
532 778 1261
34 79 1262
639 111 1263
274 847 1264
279 494 1265
297 812 1266
585 267 1267
267 115 1268
1187 302 1269
464 115 1270
39 270 1271
279 674 1272
1269 689 1273
977 119 1274
275 270 1275
332 604 1276
1030 820 1277
290 528 1278
32 601 1279
32 751 1280
274 674 1281
903 363 1282
97 1036 1283
774 495 1284
259 379 1285
280 503 1286
122 121 1287
32 1024 1288
413 620 1289
97 576 1290
413 847 1291
784 376 1292
333 1117 1293
544 10 1294
119 792 1295
782 316 1296
32 1218 1297
552 324 1298
838 101 1299
32 1006 1300
664 115 1301
107 294 1302
441 884 1303
1180 478 1304
461 865 1305
280 656 1306
276 495 1307
1209 102 1308
1029 556 1309
275 319 1310
794 288 1311
276 628 1312
97 473 1313
676 260 1314
1216 115 1315
269 435 1316
402 121 1317
280 475 1318
257 1208 1319
272 629 1320
870 120 1321
111 865 1322
115 473 1323
279 647 1324
552 425 1325
280 471 1326
275 845 1327
335 101 1328
1054 478 1329
295 528 1330
834 277 1331
328 110 1332
272 452 1333
87 320 1334
97 1221 1335
265 1028 1336
263 764 1337
272 1178 1338
714 385 1339
98 111 1340
323 828 1341
115 104 1342
445 294 1343
268 1253 1344
838 955 1345
257 933 1346
105 386 1347
257 506 1348
1286 1251 1349
114 364 1350
421 778 1351
703 324 1352
703 611 1353
275 605 1354
117 1055 1355
105 318 1356
495 121 1357
109 277 1358
394 288 1359
275 917 1360
1200 115 1361
104 121 1362
280 670 1363
941 688 1364
274 490 1365
791 294 1366
65 115 1367
305 756 1368
1281 303 1369
932 376 1370
293 781 1371
413 356 1372
1240 302 1373
276 267 1374
261 485 1375
272 841 1376
68 303 1377
276 350 1378
450 115 1379
561 314 1380
736 907 1381
986 320 1382
552 349 1383
1126 845 1384
275 427 1385
276 629 1386
32 45 1387
276 496 1388
1258 459 1389
378 1036 1390
415 586 1391
462 310 1392
261 939 1393
1306 277 1394
117 263 1395
1126 1102 1396
300 764 1397
266 320 1398
117 108 1399
114 294 1400
621 301 1401
1182 955 1402
387 330 1403
266 566 1404
259 293 1405
390 111 1406
83 334 1407
259 1193 1408
286 288 1409
941 964 1410
101 395 1411
1320 103 1412
1308 395 1413
105 338 1414
621 288 1415
259 311 1416
650 1305 1417
336 110 1418
739 320 1419
1099 263 1420
439 363 1421
578 324 1422
278 324 1423
586 111 1424
72 1424 1425
703 307 1426
32 537 1427
709 104 1428
270 119 1429
802 263 1430
811 121 1431
1239 102 1432
505 352 1433
303 115 1434
745 340 1435
270 263 1436
99 674 1437
722 1024 1438
276 849 1439
257 401 1440
1081 263 1441
1045 541 1442
477 350 1443
117 273 1444
278 286 1445
272 1253 1446
32 1253 1447
1130 263 1448
267 620 1449
922 115 1450
629 545 1451
32 364 1452
1154 1400 1453
268 373 1454
1329 1041 1455
257 1097 1456
954 939 1457
33 542 1458
1228 267 1459
424 395 1460
276 312 1461
268 310 1462
819 320 1463
309 884 1464
100 115 1465
108 102 1466
32 1254 1467
268 452 1468
294 115 1469
1282 737 1470
280 1110 1471
746 398 1472
267 263 1473
268 291 1474
1443 435 1475
275 933 1476
1452 398 1477
477 109 1478
1226 769 1479
1075 482 1480
279 490 1481
290 386 1482
257 490 1483
1185 310 1484
115 112 1485
558 324 1486
266 433 1487
298 620 1488
1012 115 1489
32 1350 1490
811 823 1491
1063 1302 1492
639 1335 1493
32 1097 1494
46 542 1495
290 495 1496
97 118 1497
110 277 1498
1149 320 1499
483 648 1500
588 1181 1501
325 314 1502
293 473 1503
259 541 1504
84 468 1505
105 385 1506
261 401 1507
1136 312 1508
1333 263 1509
551 1436 1510
524 495 1511
74 420 1512
1459 1395 1513
629 282 1514
1275 293 1515
613 533 1516
39 306 1517
275 1190 1518
269 1251 1519
34 1168 1520
1508 1350 1521
619 109 1522
280 729 1523
1224 855 1524
613 107 1525
755 820 1526
101 121 1527
283 792 1528
502 376 1529
274 781 1530
70 475 1531
97 727 1532
101 101 1533
1140 907 1534
634 287 1535
368 386 1536
272 1449 1537
614 1065 1538
906 263 1539
1183 871 1540
1069 789 1541
97 341 1542
676 267 1543
300 337 1544
333 594 1545
32 75 1546
521 119 1547
412 1037 1548
508 978 1549
272 490 1550
547 1211 1551
114 320 1552
97 1342 1553
114 871 1554
99 263 1555
114 263 1556
1002 263 1557
1454 815 1558
272 401 1559
1374 1498 1560
103 303 1561
279 778 1562
672 1188 1563
448 117 1564
261 311 1565
32 998 1566
1108 288 1567
97 611 1568
821 288 1569
72 287 1570
275 849 1571
660 764 1572
1432 905 1573
280 105 1574
279 1283 1575
1476 307 1576
580 115 1577
65 116 1578
1026 263 1579
107 1527 1580
271 112 1581
1212 287 1582
866 287 1583
1050 115 1584
478 121 1585
794 112 1586
334 112 1587
1118 107 1588
279 311 1589
279 670 1590
402 689 1591
111 282 1592
892 699 1593
465 314 1594
109 300 1595
272 458 1596
693 1010 1597
501 310 1598
302 288 1599
1042 427 1600
510 495 1601
1598 913 1602
676 108 1603
372 994 1604
701 289 1605
32 1048 1606
97 1100 1607
114 310 1608
1219 1256 1609
259 618 1610
294 337 1611
279 286 1612
281 110 1613
532 617 1614
1096 602 1615
636 1024 1616
280 311 1617
445 286 1618
800 1164 1619
105 1323 1620
909 302 1621
462 496 1622
364 99 1623
100 277 1624
259 273 1625
1375 115 1626
290 1552 1627
1204 263 1628
108 288 1629
296 289 1630
283 111 1631
310 116 1632
261 303 1633
355 300 1634
332 430 1635
101 473 1636
1122 115 1637
805 120 1638
280 558 1639
961 1040 1640
561 293 1641
1355 121 1642
531 306 1643
1535 273 1644
464 376 1645
111 115 1646
505 633 1647
109 263 1648
480 294 1649
280 293 1650
628 121 1651
1590 478 1652
1108 263 1653
269 575 1654
34 83 1655
257 1337 1656
268 430 1657
109 101 1658
97 1157 1659
101 318 1660
1061 1379 1661
34 46 1662
32 79 1663
77 641 1664
320 277 1665
272 1486 1666
274 737 1667
280 270 1668
34 844 1669
963 288 1670
122 122 1671
280 294 1672
259 994 1673
390 567 1674
736 115 1675
97 1473 1676
1070 277 1677
501 570 1678
656 101 1679
378 812 1680
433 103 1681
760 105 1682
334 314 1683
448 938 1684
1318 964 1685
1184 558 1686
328 103 1687
1140 408 1688
290 117 1689
32 513 1690
111 108 1691
103 115 1692
302 109 1693
274 431 1694
280 97 1695
1051 115 1696
77 1037 1697
105 120 1698
322 311 1699
506 101 1700
1215 116 1701
259 440 1702
116 1362 1703
259 1620 1704
117 620 1705
1326 121 1706
1682 311 1707
287 314 1708
279 643 1709
99 307 1710
332 771 1711
480 301 1712
1497 121 1713
279 1357 1714
369 286 1715
115 119 1716
552 605 1717
97 828 1718
117 112 1719
421 1716 1720
373 385 1721
1419 395 1722
280 310 1723
440 314 1724
1012 482 1725
415 471 1726
548 1323 1727
669 751 1728
32 320 1729
276 1544 1730
1574 1724 1731
532 300 1732
266 1632 1733
261 1623 1734
1063 338 1735
275 1719 1736
1728 482 1737
1067 352 1738
259 1028 1739
416 1040 1740
122 101 1741
724 470 1742
112 104 1743
102 817 1744
819 420 1745
609 111 1746
413 594 1747
632 756 1748
464 306 1749
1223 1323 1750
280 629 1751
34 949 1752
355 681 1753
807 267 1754
332 1356 1755
632 420 1756
108 674 1757
34 956 1758
261 267 1759
275 1397 1760
105 270 1761
34 1334 1762
1748 311 1763
508 849 1764
561 1516 1765
1304 408 1766
101 286 1767
1267 1437 1768
371 307 1769
266 1414 1770
1640 622 1771
259 1332 1772
977 1561 1773
1109 1451 1774
1223 1580 1775
266 286 1776
636 1295 1777
745 363 1778
1025 764 1779
492 288 1780
295 656 1781
1007 1358 1782
271 1020 1783
32 848 1784
279 1783 1785
87 1362 1786
115 311 1787
1095 1542 1788
552 1465 1789
448 101 1790
105 611 1791
335 270 1792
111 1556 1793
72 105 1794
257 1665 1795
109 288 1796
101 567 1797
305 1429 1798
1328 611 1799
278 1713 1800
987 115 1801
280 1189 1802
266 689 1803
100 101 1804
1398 108 1805
1461 775 1806
731 1268 1807
259 528 1808
279 1698 1809
988 288 1810
266 1533 1811
462 114 1812
101 270 1813
394 1621 1814
291 386 1815
412 1322 1816
1109 99 1817
1686 340 1818
539 110 1819
266 1145 1820
278 408 1821
694 108 1822
385 917 1823
268 328 1824
98 591 1825
746 828 1826
572 1608 1827
278 471 1828
77 719 1829
335 628 1830
99 349 1831
275 666 1832
1009 1444 1833
266 628 1834
279 267 1835
457 116 1836
886 1056 1837
259 1823 1838
412 114 1839
532 560 1840
1165 263 1841
480 452 1842
1525 311 1843
105 1065 1844
259 723 1845
266 1843 1846
118 364 1847
655 115 1848
63 542 1849
609 1253 1850
776 288 1851
257 560 1852
1832 398 1853
1175 285 1854
501 1568 1855
578 306 1856
1482 307 1857
1446 121 1858
341 288 1859
419 116 1860
280 420 1861
843 1705 1862
335 737 1863
105 277 1864
1386 340 1865
302 115 1866
1363 472 1867
98 114 1868
287 828 1869
1734 397 1870
621 550 1871
343 391 1872
1824 392 1873
265 1127 1874
428 944 1875
676 1699 1876
302 1552 1877
268 273 1878
34 998 1879
1837 392 1880
1875 98 1881
280 687 1882
302 100 1883
415 111 1884
290 1683 1885
111 851 1886
1639 337 1887
427 909 1888
873 1143 1889
261 550 1890
370 536 1891
266 294 1892
773 1676 1893
448 1886 1894
325 450 1895
813 277 1896
272 918 1897
70 1449 1898
105 591 1899
275 1213 1900
1817 1815 1901
104 111 1902
101 356 1903
276 425 1904
510 541 1905
494 98 1906
412 978 1907
109 386 1908
99 121 1909
101 107 1910
504 1708 1911
273 1065 1912
428 322 1913
259 1659 1914
317 363 1915
274 751 1916
387 294 1917
305 1552 1918
590 115 1919
76 1181 1920
347 1157 1921
1002 115 1922
996 1554 1923
1406 314 1924
1743 681 1925
274 303 1926
34 1218 1927
279 1205 1928
1034 115 1929
1244 288 1930
724 271 1931
261 586 1932
445 97 1933
274 1721 1934
1091 307 1935
360 1787 1936
1926 1411 1937
32 1580 1938
99 913 1939
1184 541 1940
98 769 1941
111 373 1942
276 652 1943
1702 705 1944
800 1032 1945
355 1056 1946
1769 1925 1947
257 282 1948
261 735 1949
272 1611 1950
279 814 1951
1190 470 1952
279 293 1953
390 656 1954
390 593 1955
773 1599 1956
745 435 1957
280 846 1958
325 1767 1959
1169 121 1960
1093 769 1961
295 1960 1962
259 1581 1963
335 286 1964
390 506 1965
261 688 1966
1600 1188 1967
335 845 1968
1729 108 1969
532 288 1970
461 828 1971
448 286 1972
98 320 1973
68 111 1974
111 1831 1975
317 118 1976
474 112 1977
261 256 1978
121 450 1979
275 1169 1980
259 117 1981
119 450 1982
497 1979 1983
526 1648 1984
97 289 1985
32 314 1986
1490 558 1987
1386 611 1988
32 1743 1989
975 115 1990
1522 727 1991
1169 277 1992
306 111 1993
117 1342 1994
1252 729 1995
116 115 1996
811 1699 1997
276 314 1998
275 97 1999
356 320 2000
99 314 2001
1958 307 2002
621 334 2003
1007 109 2004
413 1485 2005
701 556 2006
279 1985 2007
742 1164 2008
305 820 2009
105 1434 2010
65 260 2011
1954 314 2012
280 933 2013
99 1691 2014
275 320 2015
335 117 2016
32 1038 2017
32 340 2018
893 338 2019
1892 385 2020
1103 115 2021
258 102 2022
117 1157 2023
105 775 2024
115 121 2025
1075 263 2026
811 2025 2027
272 273 2028
257 885 2029
32 938 2030
504 398 2031
259 1912 2032
295 604 2033
1113 1973 2034
101 398 2035
276 1992 2036
257 1283 2037
279 496 2038
279 356 2039
79 928 2040
102 735 2041
275 271 2042
405 689 2043
116 111 2044
114 1903 2045
1352 288 2046
119 1032 2047
504 1024 2048
794 314 2049
1564 537 2050
1478 115 2051
1020 1127 2052
280 328 2053
578 293 2054
111 103 2055
1822 1642 2056
105 907 2057
79 104 2058
275 312 2059
1418 513 2060
1732 385 2061
427 291 2062
1987 435 2063
341 277 2064
2022 2062 2065
99 288 2066
111 398 2067
291 786 2068
1252 1356 2069
279 289 2070
370 1660 2071
118 1143 2072
462 1010 2073
1310 101 2074
572 425 2075
259 518 2076
266 1942 2077
378 352 2078
115 1065 2079
721 771 2080
1318 688 2081
34 878 2082
666 115 2083
32 1898 2084
590 101 2085
258 909 2086
257 271 2087
2087 700 2088
1650 1347 2089
117 353 2090
32 556 2091
332 400 2092
99 277 2093
115 99 2094
268 1424 2095
859 397 2096
535 2052 2097
272 288 2098
274 787 2099
672 98 2100
706 1813 2101
582 1844 2102
108 311 2103
259 1178 2104
873 2035 2105
101 1020 2106
346 2044 2107
709 486 2108
358 115 2109
1340 450 2110
34 1038 2111
34 1425 2112
1894 1527 2113
290 1687 2114
266 737 2115
1515 533 2116
1095 1191 2117
412 1532 2118
389 1469 2119
266 2045 2120
72 1527 2121
286 112 2122
32 705 2123
831 566 2124
112 263 2125
1342 814 2126
378 677 2127
405 518 2128
266 1994 2129
103 707 2130
268 1700 2131
280 1665 2132
1385 119 2133
390 586 2134
578 1287 2135
1401 1796 2136
763 376 2137
317 99 2138
1733 307 2139
279 652 2140
390 2122 2141
261 427 2142
103 103 2143
259 806 2144
794 1744 2145
1915 1903 2146
402 652 2147
2070 107 2148
1112 288 2149
2123 851 2150
32 1767 2151
110 674 2152
462 267 2153
408 109 2154
1901 620 2155
371 613 2156
747 2126 2157
116 294 2158
298 1010 2159
275 633 2160
112 97 2161
698 376 2162
462 111 2163
1219 1996 2164
274 1651 2165
1118 349 2166
268 1357 2167
280 658 2168
1543 1100 2169
1067 855 2170
1856 905 2171
290 1290 2172
273 385 2173
531 356 2174
32 386 2175
76 1313 2176
465 288 2177
266 617 2178
722 495 2179
268 302 2180
1618 700 2181
274 1313 2182
32 337 2183
272 300 2184
1233 119 2185
98 401 2186
114 400 2187
273 2158 2188
1091 1001 2189
364 115 2190
591 109 2191
312 116 2192
1751 2191 2193
279 1032 2194
105 1741 2195
66 938 2196
279 594 2197
76 930 2198
261 282 2199
439 855 2200
2101 2079 2201
71 485 2202
34 292 2203
857 73 2204
893 1595 2205
1262 75 2206
355 926 2207
283 2047 2208
405 1205 2209
585 314 2210
1821 1703 2211
101 98 2212
280 803 2213
1346 121 2214
1312 115 2215
117 98 2216
634 452 2217
1712 376 2218
111 340 2219
261 430 2220
111 353 2221
97 1648 2222
97 458 2223
840 109 2224
371 566 2225
462 291 2226
501 1660 2227
1854 1434 2228
280 1608 2229
279 1503 2230
1931 591 2231
277 395 2232
260 2161 2233
1210 1592 2234
1678 115 2235
320 263 2236
530 342 2237
335 1693 2238
1882 303 2239
280 1145 2240
322 115 2241
280 452 2242
521 1290 2243
332 1700 2244
280 506 2245
390 2057 2246
2229 905 2247
1391 263 2248
1009 2221 2249
268 303 2250
1860 303 2251
280 1888 2252
1392 1100 2253
34 87 2254
1764 263 2255
1210 326 2256
1835 319 2257
619 306 2258
2210 386 2259
67 397 2260
32 656 2261
592 100 2262
634 408 2263
2005 905 2264
296 102 2265
961 1555 2266
873 277 2267
742 1117 2268
74 301 2269
280 286 2270
760 604 2271
111 260 2272
1091 1797 2273
402 1506 2274
1219 1671 2275
445 293 2276
77 1322 2277
886 594 2278
663 1323 2279
1463 1595 2280
74 643 2281
34 1006 2282
287 97 2283
819 431 2284
305 267 2285
277 116 2286
97 307 2287
261 823 2288
426 1193 2289
832 395 2290
259 458 2291
1720 277 2292
602 316 2293
369 1409 2294
1482 395 2295
1881 302 2296
111 2067 2297
266 496 2298
77 494 2299
2180 398 2300
1067 681 2301
1946 314 2302
443 314 2303
603 307 2304
529 1211 2305
1618 385 2306
1610 613 2307
69 357 2308
1900 277 2309
923 943 2310
1399 286 2311
276 2192 2312
32 1648 2313
390 114 2314
101 294 2315
257 1554 2316
724 952 2317
989 1971 2318
1522 330 2319
274 718 2320
279 459 2321
276 105 2322
97 2044 2323
108 97 2324
1643 263 2325
275 450 2326
739 291 2327
1346 263 2328
110 478 2329
337 300 2330
32 1553 2331
284 2330 2332
1981 341 2333
1185 718 2334
966 2329 2335
1227 1804 2336
2197 814 2337
462 386 2338
1042 111 2339
1252 718 2340
886 2106 2341
259 277 2342
73 110 2343
115 828 2344
273 775 2345
1989 495 2346
83 533 2347
308 320 2348
284 740 2349
280 300 2350
280 666 2351
274 933 2352
275 2154 2353
1296 263 2354
1054 490 2355
1183 558 2356
1596 425 2357
2226 277 2358
105 1671 2359
272 1032 2360
548 2001 2361
373 107 2362
274 285 2363
261 1693 2364
332 288 2365
859 104 2366
332 440 2367
494 863 2368
492 482 2369
274 356 2370
412 2119 2371
371 1862 2372
261 952 2373
609 518 2374
261 633 2375
279 1952 2376
259 408 2377
266 300 2378
1784 98 2379
1118 556 2380
303 314 2381
332 938 2382
805 324 2383
259 1362 2384
275 471 2385
1948 1877 2386
32 824 2387
1746 2014 2388
257 291 2389
1649 648 2390
462 2045 2391
2217 984 2392
286 786 2393
105 677 2394
925 459 2395
32 1332 2396
811 1825 2397
257 373 2398
578 267 2399
805 310 2400
578 1028 2401
1045 689 2402
2370 1624 2403
1491 288 2404
280 1994 2405
1550 288 2406
1884 796 2407
1641 115 2408
104 803 2409
261 437 2410
609 1718 2411
257 917 2412
328 472 2413
266 891 2414
335 705 2415
108 331 2416
77 121 2417
286 427 2418
811 1692 2419
2379 2418 2420
1474 288 2421
280 917 2422
275 1451 2423
269 1844 2424
111 1743 2425
493 1533 2426
34 1697 2427
2382 310 2428
1913 108 2429
335 602 2430
2168 307 2431
109 111 2432
954 735 2433
339 1466 2434
266 586 2435
275 326 2436
110 310 2437
408 115 2438
1504 115 2439
335 312 2440
293 302 2441
598 1660 2442
83 1010 2443
2387 2041 2444
32 681 2445
279 1037 2446
116 506 2447
479 2437 2448
800 288 2449
79 102 2450
335 427 2451
2388 751 2452
1399 116 2453
259 1691 2454
1346 101 2455
462 101 2456
332 602 2457
34 784 2458
34 2058 2459
268 494 2460
280 307 2461
274 2393 2462
1695 119 2463
295 311 2464
77 1532 2465
480 431 2466
1340 120 2467
259 420 2468
1224 102 2469
508 286 2470
1321 263 2471
307 1868 2472
1776 349 2473
2389 121 2474
759 121 2475
2378 300 2476
261 1553 2477
774 1295 2478
298 2305 2479
1812 285 2480
335 495 2481
111 324 2482
32 2281 2483
104 623 2484
2183 2472 2485
290 294 2486
501 796 2487
80 1110 2488
1385 98 2489
588 101 2490
68 356 2491
2080 482 2492
919 666 2493
2023 307 2494
32 2488 2495
955 648 2496
268 364 2497
312 100 2498
111 267 2499
108 537 2500
279 1869 2501
276 1636 2502
448 2494 2503
32 39 2504
105 1040 2505
286 109 2506
34 1131 2507
78 320 2508
1667 263 2509
2502 109 2510
370 1982 2511
2420 2344 2512
2429 771 2513
1177 104 2514
2250 604 2515
880 288 2516
1253 115 2517
101 865 2518
266 293 2519
299 312 2520
610 302 2521
100 786 2522
724 643 2523
278 845 2524
279 1010 2525
302 425 2526
1137 115 2527
283 86 2528
390 2192 2529
1515 718 2530
390 1409 2531
97 556 2532
886 97 2533
2432 363 2534
493 1975 2535
1827 115 2536
1788 2499 2537
2144 1437 2538
527 2000 2539
121 288 2540
536 1097 2541
34 2347 2542
402 287 2543
335 485 2544
2486 277 2545
2018 2541 2546
266 408 2547
32 1377 2548
527 681 2549
505 1692 2550
1483 395 2551
1069 1145 2552
355 751 2553
510 2534 2554
2331 2222 2555
110 263 2556
1784 112 2557
259 666 2558
669 285 2559
100 307 2560
290 1429 2561
1186 115 2562
2557 775 2563
298 397 2564
1574 1102 2565
103 2187 2566
111 648 2567
290 613 2568
1610 1553 2569
2147 307 2570
32 345 2571
105 300 2572
1282 485 2573
66 101 2574
34 499 2575
339 602 2576
32 863 2577
572 605 2578
100 294 2579
588 2283 2580
1148 263 2581
32 1786 2582
84 111 2583
274 848 2584
283 1337 2585
643 114 2586
286 108 2587
464 623 2588
504 1465 2589
277 112 2590
118 622 2591
259 633 2592
676 2500 2593
2537 1100 2594
1745 115 2595
268 2083 2596
295 319 2597
273 408 2598
2543 112 2599
1790 119 2600
305 2035 2601
104 267 2602
302 107 2603
703 1485 2604
101 1996 2605
1622 395 2606
290 2482 2607
2604 2598 2608
405 2188 2609
619 740 2610
32 2299 2611
390 952 2612
280 285 2613
267 97 2614
111 1941 2615
1631 563 2616
266 1793 2617
458 398 2618
274 814 2619
2545 622 2620
1009 2586 2621
257 604 2622
1474 2579 2623
257 1169 2624
1863 288 2625
332 356 2626
2470 102 2627
105 1055 2628
873 119 2629
2150 263 2630
2257 314 2631
280 2359 2632
708 288 2633
669 1581 2634
268 458 2635
1634 1996 2636
2156 121 2637
632 320 2638
1033 1514 2639
1603 689 2640
2279 1041 2641
269 855 2642
881 1189 2643
259 2413 2644
390 437 2645
280 350 2646
445 263 2647
893 1466 2648
670 558 2649
445 1910 2650
2510 1473 2651
970 1636 2652
107 267 2653
2275 307 2654
2132 482 2655
1368 482 2656
74 926 2657
102 108 2658
501 1189 2659
32 1498 2660
32 2574 2661
280 312 2662
2185 1506 2663
272 328 2664
1408 121 2665
1267 337 2666
1695 2344 2667
276 1429 2668
298 116 2669
39 100 2670
954 1040 2671
448 2518 2672
2632 97 2673
2660 2591 2674
2621 1607 2675
462 1585 2676
290 373 2677
2163 289 2678
1953 385 2679
2184 1909 2680
1272 121 2681
1646 2223 2682
119 2603 2683
290 751 2684
84 792 2685
532 2068 2686
274 929 2687
405 1869 2688
257 518 2689
97 1399 2690
746 1787 2691
272 1767 2692
413 103 2693
97 102 2694
521 263 2695
279 310 2696
259 2482 2697
261 287 2698
2172 263 2699
111 506 2700
32 1497 2701
582 689 2702
676 302 2703
2059 99 2704
310 101 2705
268 1659 2706
34 2121 2707
714 2590 2708
2708 452 2709
371 2094 2710
607 566 2711
280 267 2712
669 2475 2713
634 300 2714
291 2560 2715
364 2324 2716
1374 2682 2717
638 884 2718
300 111 2719
1205 1866 2720
117 337 2721
1720 1143 2722
275 1554 2723
369 1910 2724
65 270 2725
348 2158 2726
273 473 2727
32 90 2728
731 446 2729
824 855 2730
609 604 2731
115 652 2732
508 2720 2733
703 1859 2734
886 845 2735
112 420 2736
103 395 2737
109 98 2738
279 980 2739
1170 331 2740
323 2737 2741
101 427 2742
266 851 2743
275 737 2744
1469 718 2745
1096 277 2746
1252 506 2747
289 957 2748
272 289 2749
2702 1908 2750
810 1287 2751
2709 286 2752
274 273 2753
552 556 2754
279 2715 2755
1977 2745 2756
508 114 2757
296 435 2758
701 1302 2759
372 114 2760
284 107 2761
724 657 2762
269 2130 2763
32 2381 2764
2461 1718 2765
1175 560 2766
34 72 2767
462 316 2768
266 1599 2769
1574 2241 2770
505 103 2771
113 657 2772
326 102 2773
433 286 2774
634 882 2775
257 386 2776
426 556 2777
1340 764 2778
2269 376 2779
79 75 2780
117 408 2781
372 108 2782
532 1994 2783
257 558 2784
293 314 2785
2546 115 2786
697 620 2787
2114 957 2788
444 545 2789
311 101 2790
377 312 2791
2140 431 2792
275 984 2793
115 277 2794
290 2605 2795
108 490 2796
531 1699 2797
275 656 2798
279 312 2799
2490 111 2800
2145 1097 2801
259 2774 2802
371 324 2803
335 1355 2804
1695 1831 2805
838 2496 2806
961 2066 2807
112 2787 2808
1986 2808 2809
269 671 2810
501 560 2811
2313 478 2812
295 2368 2813
280 943 2814
259 490 2815
493 490 2816
670 472 2817
103 1692 2818
111 1996 2819
1833 115 2820
105 2152 2821
371 2818 2822
274 2540 2823
1252 494 2824
272 431 2825
276 604 2826
114 302 2827
2812 814 2828
1072 115 2829
1943 1544 2830
97 707 2831
881 657 2832
2307 472 2833
1214 558 2834
266 431 2835
607 319 2836
266 495 2837
1274 288 2838
745 812 2839
34 1794 2840
1788 1797 2841
104 97 2842
32 2780 2843
274 1903 2844
415 2518 2845
501 656 2846
651 397 2847
2584 303 2848
609 1164 2849
585 285 2850
2243 115 2851
368 115 2852
274 2067 2853
745 118 2854
378 1831 2855
835 288 2856
336 102 2857
731 652 2858
394 1692 2859
1820 1514 2860
361 2566 2861
111 425 2862
121 408 2863
272 287 2864
589 1287 2865
77 101 2866
294 648 2867
531 286 2868
2803 2232 2869
369 789 2870
2138 1556 2871
275 350 2872
83 620 2873
32 2778 2874
268 1213 2875
290 286 2876
474 334 2877
1175 420 2878
71 427 2879
44 542 2880
1182 101 2881
2271 2010 2882
258 549 2883
32 367 2884
1045 2705 2885
66 994 2886
325 2055 2887
325 2083 2888
504 1221 2889
272 1290 2890
2799 2827 2891
1681 604 2892
279 478 2893
504 100 2894
259 2892 2895
101 481 2896
97 1065 2897
1533 122 2898
607 1642 2899
744 1791 2900
32 263 2901
1978 364 2902
2225 277 2903
439 2863 2904
274 1587 2905
276 735 2906
501 1767 2907
899 622 2908
108 737 2909
276 328 2910
335 2381 2911
1227 1473 2912
267 1371 2913
32 1578 2914
332 1506 2915
332 503 2916
32 1883 2917
619 260 2918
257 1679 2919
259 586 2920
1252 756 2921
1228 386 2922
2664 533 2923
760 2315 2924
1612 385 2925
2871 1899 2926
881 320 2927
279 656 2928
728 115 2929
104 952 2930
332 291 2931
116 105 2932
873 322 2933
1564 1585 2934
351 656 2935
578 2072 2936
32 459 2937
693 115 2938
1630 263 2939
301 112 2940
1490 641 2941
258 119 2942
65 376 2943
1406 310 2944
452 105 2945
886 334 2946
293 1411 2947
527 1516 2948
610 430 2949
995 964 2950
1906 957 2951
2117 2072 2952
578 1268 2953
802 115 2954
266 1877 2955
621 300 2956
34 2040 2957
2451 119 2958
102 478 2959
979 458 2960
2782 657 2961
74 452 2962
337 868 2963
32 949 2964
976 263 2965
1732 1939 2966
1061 364 2967
538 115 2968
2884 427 2969
268 334 2970
588 404 2971
613 288 2972
32 2110 2973
2374 294 2974
266 668 2975
745 100 2976
257 2505 2977
2696 302 2978
257 566 2979
2960 622 2980
807 338 2981
1044 2959 2982
793 1143 2983
272 814 2984
338 602 2985
2547 1544 2986
2078 263 2987
105 2772 2988
2397 115 2989
2493 482 2990
1009 560 2991
257 825 2992
1005 101 2993
305 518 2994
77 980 2995
2982 2453 2996
1733 282 2997
724 420 2998
257 511 2999
408 622 3000
2268 1090 3001
83 112 3002
578 318 3003
1917 288 3004
1017 2988 3005
114 566 3006
1790 3000 3007
394 481 3008
268 2067 3009
112 817 3010
493 2394 3011
369 2498 3012
417 2909 3013
298 2649 3014
99 289 3015
2876 984 3016
1009 490 3017
516 2831 3018
108 2324 3019
105 1648 3020
2635 1996 3021
1672 3015 3022
261 1883 3023
106 905 3024
2133 957 3025
578 363 3026
704 288 3027
477 103 3028
2059 1710 3029
412 496 3030
296 2540 3031
83 657 3032
829 2152 3033
117 1556 3034
2577 1554 3035
346 337 3036
1691 2055 3037
1481 121 3038
1597 115 3039
257 820 3040
1543 1065 3041
609 882 3042
1226 324 3043
1187 666 3044
270 847 3045
261 737 3046
32 473 3047
108 871 3048
2985 277 3049
390 431 3050
117 260 3051
105 118 3052
372 2615 3053
2600 364 3054
883 277 3055
2760 560 3056
105 2064 3057
258 965 3058
566 314 3059
266 1503 3060
259 289 3061
268 2090 3062
1017 670 3063
290 1444 3064
895 277 3065
1689 674 3066
2261 3037 3067
371 2522 3068
104 1903 3069
510 3045 3070
272 666 3071
32 1659 3072
462 373 3073
3044 689 3074
272 917 3075
295 1693 3076
402 2287 3077
3063 2781 3078
378 1868 3079
2263 117 3080
105 341 3081
114 984 3082
408 107 3083
1081 288 3084
1546 2345 3085
276 2751 3086
97 119 3087
297 1996 3088
280 759 3089
1940 263 3090
669 771 3091
1045 1568 3092
2267 482 3093
1884 338 3094
45 1719 3095
1681 957 3096
2310 263 3097
2958 863 3098
1057 115 3099
2367 1883 3100
1067 812 3101
621 1883 3102
2038 311 3103
669 560 3104
413 102 3105
1428 115 3106
724 2362 3107
3076 408 3108
300 707 3109
669 737 3110
278 629 3111
371 845 3112
3064 286 3113
883 395 3114
111 2324 3115
2945 681 3116
268 2506 3117
2992 307 3118
72 1813 3119
2476 97 3120
758 395 3121
797 314 3122
508 503 3123
97 1015 3124
289 116 3125
532 3116 3126
101 425 3127
609 2297 3128
1261 115 3129
2704 1001 3130
3047 350 3131
2789 121 3132
1439 263 3133
595 363 3134
2710 1679 3135
121 109 3136
443 293 3137
1976 575 3138
259 2653 3139
1999 98 3140
492 115 3141
103 121 3142
99 1347 3143
1586 311 3144
280 289 3145
952 101 3146
1215 1065 3147
1124 115 3148
279 514 3149
3017 699 3150
1109 2963 3151
102 933 3152
280 1533 3153
607 1553 3154
2265 1411 3155
276 2293 3156
1860 1434 3157
739 1791 3158
1998 1332 3159
2016 682 3160
546 558 3161
448 420 3162
639 300 3163
1045 656 3164
3080 1097 3165
3140 267 3166
1854 303 3167
2258 558 3168
261 431 3169
335 849 3170
694 1556 3171
1507 115 3172
387 2821 3173
622 314 3174
1541 3152 3175
274 2055 3176
277 425 3177
421 3143 3178
263 1347 3179
2016 764 3180
2538 482 3181
501 285 3182
101 2432 3183
302 786 3184
708 115 3185
3075 735 3186
265 933 3187
1559 115 3188
121 101 3189
1009 2068 3190
505 300 3191
3160 1213 3192
1017 108 3193
798 395 3194
293 385 3195
390 1679 3196
97 1859 3197
111 1648 3198
272 1864 3199
275 658 3200
970 2790 3201
332 820 3202
1439 115 3203
2854 558 3204
462 771 3205
268 3174 3206
275 2024 3207
504 2025 3208
632 1592 3209
1329 751 3210
2030 3179 3211
3199 337 3212
32 2417 3213
793 537 3214
1948 2323 3215
272 293 3216
672 2233 3217
356 111 3218
2324 3020 3219
97 122 3220
32 1585 3221
3144 273 3222
2895 263 3223
1631 1127 3224
390 496 3225
276 1903 3226
396 537 3227
269 1561 3228
112 314 3229
582 3219 3230
279 848 3231
829 115 3232
1809 263 3233
2373 263 3234
275 392 3235
1138 482 3236
676 3034 3237
2134 115 3238
117 1020 3239
857 956 3240
335 350 3241
1153 111 3242
1365 115 3243
2412 115 3244
274 1975 3245
1103 263 3246
305 117 3247
335 2219 3248
625 395 3249
773 1793 3250
258 2090 3251
119 1379 3252
371 2143 3253
1170 2067 3254
272 3006 3255
101 3184 3256
332 2067 3257
259 303 3258
111 1256 3259
390 2000 3260
257 1211 3261
286 425 3262
275 629 3263
755 99 3264
2208 121 3265
1226 1692 3266
272 1952 3267
386 781 3268
455 2730 3269
111 310 3270
335 2951 3271
1203 913 3272
369 408 3273
1056 256 3274
100 282 3275
274 320 3276
728 288 3277
2678 263 3278
3002 310 3279
2098 687 3280
1432 1693 3281
589 98 3282
661 2219 3283
118 537 3284
692 482 3285
413 2094 3286
2937 2293 3287
107 110 3288
809 277 3289
261 2173 3290
276 820 3291
69 109 3292
3255 803 3293
110 97 3294
3156 1097 3295
114 285 3296
897 1555 3297
448 2055 3298
286 1020 3299
361 482 3300
267 408 3301
445 848 3302
2497 109 3303
2153 907 3304
371 1157 3305
886 307 3306
99 1213 3307
501 929 3308
1129 395 3309
267 314 3310
2646 353 3311
531 1804 3312
2415 385 3313
2270 1608 3314
1693 622 3315
87 792 3316
2355 263 3317
811 3125 3318
2224 1208 3319
755 3315 3320
274 3087 3321
2128 263 3322
32 85 3323
332 2773 3324
1518 263 3325
448 334 3326
621 101 3327
332 293 3328
2252 537 3329
114 2315 3330
742 328 3331
32 673 3332
609 3109 3333
390 495 3334
747 2658 3335
275 506 3336
619 3019 3337
2395 263 3338
731 328 3339
258 3307 3340
105 576 3341
275 334 3342
105 1611 3343
819 2628 3344
1210 952 3345
1533 1741 3346
2970 1358 3347
3287 386 3348
564 114 3349
1105 288 3350
266 2727 3351
738 263 3352
2599 1143 3353
268 2700 3354
2738 270 3355
3288 560 3356
609 2067 3357
609 312 3358
300 319 3359
439 306 3360
448 1322 3361
323 3355 3362
1839 115 3363
275 495 3364
2398 110 3365
2454 340 3366
1135 277 3367
333 314 3368
2342 1041 3369
952 506 3370
412 286 3371
3331 3301 3372
257 980 3373
1328 408 3374
333 789 3375
532 771 3376
3131 591 3377
857 844 3378
279 287 3379
2245 3307 3380
272 270 3381
3360 3370 3382
1215 1100 3383
1156 115 3384
491 2236 3385
1344 121 3386
105 909 3387
745 1624 3388
105 1097 3389
296 2721 3390
976 288 3391
1017 3356 3392
1224 812 3393
276 643 3394
372 2716 3395
2568 2125 3396
649 288 3397
807 1473 3398
1689 450 3399
2377 356 3400
1723 2323 3401
104 311 3402
333 300 3403
3089 2653 3404
1719 291 3405
558 119 3406
372 117 3407
966 556 3408
501 494 3409
267 978 3410
276 2219 3411
87 586 3412
300 1040 3413
266 759 3414
1149 3183 3415
297 1466 3416
259 729 3417
334 2272 3418
3026 494 3419
458 288 3420
325 311 3421
629 914 3422
1589 408 3423
257 756 3424
2077 337 3425
1490 3389 3426
676 363 3427
257 302 3428
634 3406 3429
1174 110 3430
305 2067 3431
370 1020 3432
566 3402 3433
3433 2932 3434
2322 3418 3435
3008 2602 3436
840 3284 3437
298 110 3438
99 282 3439
34 732 3440
268 285 3441
1776 863 3442
3388 110 3443
335 1587 3444
1227 682 3445
2285 556 3446
290 848 3447
32 288 3448
1352 115 3449
103 117 3450
2212 427 3451
34 763 3452
464 2500 3453
34 1377 3454
2662 751 3455
72 320 3456
117 2130 3457
1612 591 3458
1275 751 3459
2693 2311 3460
114 3179 3461
3448 3461 3462
1600 2233 3463
3409 2025 3464
1408 288 3465
2306 288 3466
335 2517 3467
3273 1703 3468
325 668 3469
332 2817 3470
335 3405 3471
585 602 3472
289 775 3473
1186 288 3474
971 1660 3475
462 3434 3476
1689 3473 3477
873 656 3478
721 3359 3479
290 2297 3480
609 286 3481
857 998 3482
2425 558 3483
332 2216 3484
1180 110 3485
293 2010 3486
272 2416 3487
694 114 3488
1586 1189 3489
743 1469 3490
279 1525 3491
280 3195 3492
335 293 3493
477 1552 3494
1210 3451 3495
3305 814 3496
105 111 3497
3247 671 3498
493 929 3499
1136 503 3500
105 3019 3501
2898 263 3502
1092 121 3503
3072 364 3504
34 993 3505
275 458 3506
3091 482 3507
3342 2742 3508
3362 3019 3509
1191 100 3510
1378 812 3511
412 1414 3512
266 841 3513
1385 1287 3514
967 128 3515
390 1356 3516
71 111 3517
281 472 3518
2075 288 3519
335 984 3520
287 107 3521
45 99 3522
2245 2311 3523
266 1032 3524
276 841 3525
1906 687 3526
857 878 3527
1928 288 3528
639 1651 3529
77 978 3530
1622 957 3531
34 89 3532
488 2930 3533
724 3239 3534
527 408 3535
526 1465 3536
102 97 3537
3487 1899 3538
2310 718 3539
819 101 3540
257 992 3541
721 1825 3542
116 403 3543
650 1757 3544
3079 978 3545
2124 1473 3546
578 2738 3547
1719 277 3548
1054 1356 3549
295 3124 3550
63 1662 3551
390 364 3552
839 288 3553
280 1503 3554
2826 629 3555
3162 311 3556
1239 2732 3557
413 1982 3558
738 307 3559
287 781 3560
3381 1342 3561
1227 1121 3562
3462 115 3563
1439 288 3564
390 1975 3565
114 478 3566
585 2195 3567
326 376 3568
639 633 3569
259 715 3570
3263 3510 3571
439 356 3572
755 1020 3573
558 102 3574
105 682 3575
1574 786 3576
3554 110 3577
34 82 3578
3489 781 3579
34 66 3580
755 1847 3581
3154 2796 3582
305 3503 3583
579 395 3584
3264 271 3585
800 3413 3586
3573 670 3587
267 337 3588
694 267 3589
1978 2190 3590
1998 107 3591
3240 542 3592
101 1908 3593
286 1342 3594
1372 288 3595
261 1761 3596
2117 318 3597
2151 395 3598
2007 2467 3599
272 2603 3600
259 1444 3601
295 3526 3602
257 848 3603
3153 349 3604
280 2867 3605
1308 3048 3606
34 1292 3607
97 888 3608
988 363 3609
462 2748 3610
3376 2103 3611
257 1213 3612
332 433 3613
290 494 3614
1241 115 3615
108 326 3616
413 337 3617
755 118 3618
1586 319 3619
258 3069 3620
1812 288 3621
98 957 3622
742 1624 3623
1061 687 3624
3439 1744 3625
713 1996 3626
2030 3024 3627
586 328 3628
261 288 3629
266 386 3630
275 1813 3631
421 120 3632
2291 102 3633
372 1767 3634
1672 3450 3635
371 3299 3636
706 3628 3637
1013 2556 3638
1382 115 3639
32 2995 3640
2163 338 3641
280 320 3642
530 2409 3643
280 1719 3644
103 604 3645
2460 591 3646
1017 3625 3647
2701 111 3648
280 681 3649
295 2705 3650
3647 1097 3651
412 1397 3652
1946 263 3653
105 1939 3654
3335 1665 3655
280 2287 3656
1142 1847 3657
921 395 3658
45 97 3659
702 277 3660
2327 314 3661
3632 1041 3662
105 1036 3663
416 3645 3664
508 2287 3665
794 618 3666
2767 2896 3667
762 542 3668
335 420 3669
2836 101 3670
724 656 3671
3493 657 3672
508 3270 3673
1518 288 3674
1627 288 3675
2436 556 3676
970 101 3677
1586 2103 3678
274 810 3679
3365 364 3680
3524 307 3681
2485 751 3682
34 2202 3683
1902 363 3684
279 364 3685
1736 2110 3686
279 1994 3687
351 3537 3688
1546 301 3689
295 1985 3690
3117 1757 3691
508 1503 3692
372 452 3693
864 121 3694
745 307 3695
1096 2694 3696
2263 657 3697
295 2618 3698
259 3548 3699
1239 109 3700
32 277 3701
32 3119 3702
390 319 3703
3557 386 3704
880 115 3705
3571 803 3706
87 2409 3707
268 2023 3708
290 3684 3709
1738 263 3710
413 1971 3711
3481 1796 3712
724 518 3713
1042 718 3714
428 293 3715
295 1683 3716
2042 3082 3717
325 3608 3718
99 2447 3719
607 666 3720
3719 670 3721
1175 926 3722
275 825 3723
1296 288 3724
280 2567 3725
3631 408 3726
266 882 3727
2185 3654 3728
105 2001 3729
588 3115 3730
45 2482 3731
897 740 3732
819 3096 3733
1631 769 3734
3723 470 3735
1655 2526 3736
2333 817 3737
3555 121 3738
257 458 3739
2917 3410 3740
609 2972 3741
117 100 3742
1017 1356 3743
32 1168 3744
2271 781 3745
3581 1700 3746
97 1939 3747
3522 849 3748
1274 277 3749
34 2260 3750
1250 1659 3751
634 105 3752
275 1587 3753
1416 116 3754
68 1335 3755
117 828 3756
3619 277 3757
284 3721 3758
1836 1888 3759
1227 1001 3760
2133 108 3761
2320 395 3762
259 316 3763
881 3568 3764
65 2500 3765
2385 1010 3766
97 769 3767
1017 1710 3768
3637 386 3769
952 115 3770
279 285 3771
1574 2719 3772
2456 263 3773
1861 984 3774
1086 863 3775
390 2532 3776
99 117 3777
3303 311 3778
3609 408 3779
802 307 3780
3687 1514 3781
3739 1580 3782
111 101 3783
619 1862 3784
1856 286 3785
2270 554 3786
2116 115 3787
363 350 3788
3742 764 3789
256 471 3790
857 1006 3791
2635 425 3792
2729 263 3793
1989 310 3794
3679 450 3795
452 558 3796
277 1097 3797
294 425 3798
117 1941 3799
97 1055 3800
302 681 3801
510 2286 3802
3379 3797 3803
305 3574 3804
103 643 3805
335 1371 3806
2697 1864 3807
1454 473 3808
721 2064 3809
337 263 3810
257 1525 3811
2587 558 3812
722 1295 3813
276 433 3814
1095 3805 3815
266 1585 3816
1238 1595 3817
1655 2447 3818
371 1498 3819
275 2122 3820
105 604 3821
2698 913 3822
99 319 3823
445 408 3824
413 2732 3825
34 2450 3826
32 957 3827
634 430 3828
333 602 3829
2396 3801 3830
3659 291 3831
2115 984 3832
1137 687 3833
1191 97 3834
508 3330 3835
2626 3497 3836
492 1757 3837
2077 1555 3838
116 473 3839
724 1553 3840
71 718 3841
1702 2272 3842
505 1553 3843
2457 101 3844
2252 1039 3845
279 1355 3846
32 2126 3847
609 1544 3848
2099 115 3849
3759 718 3850
923 293 3851
279 452 3852
2440 1556 3853
2872 1699 3854
1790 602 3855
2415 700 3856
504 2778 3857
458 98 3858
305 2045 3859
2013 97 3860
911 914 3861
280 737 3862
609 3799 3863
265 796 3864
494 1358 3865
32 461 3866
3576 303 3867
115 314 3868
448 311 3869
290 312 3870
3579 751 3871
99 2014 3872
1042 3256 3873
501 2216 3874
859 108 3875
3872 105 3876
286 2572 3877
66 2867 3878
970 1322 3879
724 759 3880
1943 3858 3881
302 1097 3882
2521 751 3883
578 3834 3884
1129 277 3885
448 433 3886
2430 115 3887
3851 1347 3888
257 1761 3889
3222 718 3890
1596 576 3891
284 3839 3892
2264 482 3893
2144 3810 3894
1931 3622 3895
1668 2344 3896
1691 267 3897
304 884 3898
97 349 3899
266 311 3900
83 2447 3901
284 3788 3902
110 1010 3903
479 2560 3904
279 433 3905
530 104 3906
1068 3903 3907
1836 478 3908
464 108 3909
1276 1757 3910
1964 1996 3911
280 373 3912
257 656 3913
524 1295 3914
332 3575 3915
32 2725 3916
2223 681 3917
363 478 3918
276 674 3919
3820 311 3920
722 463 3921
1079 115 3922
390 3783 3923
3815 288 3924
840 3882 3925
1276 3917 3926
744 952 3927
505 506 3928
32 1744 3929
103 110 3930
1695 1251 3931
634 814 3932
257 3296 3933
2597 115 3934
261 3800 3935
275 882 3936
290 302 3937
2692 482 3938
508 1429 3939
3618 1041 3940
1214 3790 3941
506 473 3942
275 1379 3943
491 328 3944
478 3942 3945
76 404 3946
719 3918 3947
1943 681 3948
1063 3876 3949
3587 3947 3950
268 3081 3951
2749 1703 3952
298 104 3953
2114 307 3954
1977 277 3955
3880 311 3956
2436 349 3957
760 286 3958
2497 3945 3959
1775 115 3960
45 121 3961
110 490 3962
73 102 3963
2879 1188 3964
413 1191 3965
280 302 3966
32 3316 3967
312 273 3968
1233 2467 3969
286 326 3970
1659 3970 3971
268 593 3972
530 374 3973
2143 288 3974
34 2725 3975
266 350 3976
588 1533 3977
2224 1761 3978
504 1295 3979
32 2158 3980
268 3594 3981
497 2736 3982
351 286 3983
3056 558 3984
259 386 3985
266 514 3986
2519 411 3987
103 558 3988
773 470 3989
3673 277 3990
258 1251 3991
306 558 3992
527 613 3993
111 618 3994
676 848 3995
277 3994 3996
1518 425 3997
1909 1710 3998
3987 2216 3999
280 3146 4000
258 3996 4001
1776 556 4002
760 689 4003
1017 2736 4004
363 2517 4005
2015 115 4006
112 286 4007
2456 789 4008
405 3971 4009
274 291 4010
1136 1553 4011
3928 450 4012
279 1532 4013
387 1864 4014
462 586 4015
3603 112 4016
2457 1253 4017
1066 288 4018
3816 1710 4019
445 4007 4020
301 105 4021
774 1024 4022
259 3865 4023
335 567 4024
275 1994 4025
2100 115 4026
1272 984 4027
1069 293 4028
675 542 4029
117 909 4030
3902 385 4031
1238 2683 4032
464 2416 4033
2460 300 4034
274 2700 4035
1067 740 4036
275 529 4037
592 307 4038
104 485 4039
634 1691 4040
97 2161 4041
259 817 4042
923 629 4043
74 2867 4044
3937 3501 4045
838 1527 4046
83 1533 4047
2976 604 4048
1695 291 4049
954 1465 4050
2887 825 4051
3961 1767 4052
3919 2286 4053
527 293 4054
2030 2794 4055
3752 3897 4056
32 458 4057
298 3483 4058
278 2522 4059
105 1859 4060
462 3968 4061
298 109 4062
1204 115 4063
724 1791 4064
115 472 4065
2672 2041 4066
3685 303 4067
1610 273 4068
2463 115 4069
3944 2441 4070
2308 495 4071
3286 657 4072
259 2195 4073
703 1001 4074
1751 118 4075
117 1831 4076
2254 1902 4077
531 567 4078
272 718 4079
1185 633 4080
970 293 4081
1999 1996 4082
1978 293 4083
280 2618 4084
3965 3930 4085
3951 111 4086
3145 310 4087
268 401 4088
2491 764 4089
257 641 4090
390 1032 4091
87 1902 4092
280 408 4093
1999 909 4094
317 398 4095
1363 486 4096
2425 495 4097
266 3663 4098
2268 2195 4099
99 105 4100
1415 288 4101
897 352 4102
259 307 4103
2377 116 4104
508 2482 4105
1964 1065 4106
390 554 4107
1258 633 4108
266 267 4109
1365 907 4110
272 307 4111
284 293 4112
332 537 4113
3438 320 4114
1344 3823 4115
3751 307 4116
101 277 4117
811 1671 4118
3819 3142 4119
3521 687 4120
2208 558 4121
857 499 4122
266 458 4123
405 2437 4124
2991 263 4125
98 1399 4126
274 1767 4127
97 957 4128
4127 353 4129
371 3341 4130
3966 385 4131
279 1145 4132
2931 288 4133
32 2125 4134
274 952 4135
99 2719 4136
398 494 4137
1142 1268 4138
2212 593 4139
1262 119 4140
839 263 4141
396 4139 4142
1137 277 4143
105 1629 4144
267 556 4145
274 316 4146
34 2866 4147
612 2103 4148
274 628 4149
867 288 4150
114 697 4151
3862 97 4152
4094 670 4153
116 101 4154
807 1036 4155
609 3083 4156
2476 613 4157
1306 687 4158
531 100 4159
592 4137 4160
3327 1313 4161
1091 4151 4162
274 2010 4163
4093 771 4164
117 914 4165
4090 105 4166
4040 4136 4167
1965 3049 4168
609 470 4169
3098 425 4170
333 845 4171
1643 288 4172
444 2819 4173
3701 613 4174
34 65 4175
362 110 4176
97 3918 4177
1881 666 4178
1776 1350 4179
390 1283 4180
102 677 4181
2893 114 4182
105 2093 4183
1055 1533 4184
326 2125 4185
3061 318 4186
458 385 4187
589 3051 4188
510 718 4189
1391 115 4190
279 823 4191
618 285 4192
413 459 4193
259 929 4194
1170 263 4195
480 3177 4196
4188 425 4197
1328 789 4198
854 121 4199
3648 99 4200
32 729 4201
676 307 4202
800 1681 4203
312 303 4204
1363 913 4205
283 114 4206
583 1065 4207
1535 575 4208
443 408 4209
1285 395 4210
3485 311 4211
1564 2522 4212
101 764 4213
1250 2241 4214
1274 550 4215
4182 4097 4216
501 3197 4217
280 356 4218
32 1691 4219
268 718 4220
390 1486 4221
257 4165 4222
1224 2556 4223
919 2083 4224
1630 302 4225
1406 1847 4226
1447 3010 4227
33 1662 4228
2256 1648 4229
1559 288 4230
32 3006 4231
1940 115 4232
3552 473 4233
566 3988 4234
3193 929 4235
1812 729 4236
873 1831 4237
364 3127 4238
2842 1256 4239
317 2732 4240
3635 267 4241
3958 1350 4242
1167 4126 4243
1026 288 4244
1612 700 4245
970 2690 4246
290 629 4247
1095 4192 4248
4193 4117 4249
2602 111 4250
296 670 4251
372 311 4252
294 398 4253
83 2526 4254
99 933 4255
4001 926 4256
276 718 4257
1095 913 4258
506 1362 4259
1603 735 4260
2298 115 4261
103 314 4262
2701 1985 4263
836 542 4264
1666 115 4265
672 3229 4266
1233 4255 4267
4243 1544 4268
721 1910 4269
97 273 4270
3067 1090 4271
325 594 4272
351 289 4273
578 4184 4274
744 452 4275
970 4041 4276
115 1411 4277
3419 101 4278
1769 118 4279
32 1014 4280
724 4259 4281
655 550 4282
1634 311 4283
1663 114 4284
1165 288 4285
97 2329 4286
2749 109 4287
585 373 4288
3484 863 4289
114 303 4290
1017 4239 4291
32 471 4292
2747 115 4293
2314 2940 4294
110 1040 4295
372 1178 4296
2313 408 4297
405 2345 4298
3515 156 4299
1368 115 4300
897 2057 4301
279 294 4302
385 4286 4303
335 282 4304
2257 101 4305
4279 2441 4306
275 4238 4307
275 1883 4308
346 781 4309
332 4250 4310
4263 1097 4311
440 1100 4312
4174 277 4313
2138 108 4314
280 984 4315
390 817 4316
4272 116 4317
114 3346 4318
936 110 4319
2864 392 4320
1573 395 4321
2124 814 4322
261 917 4323
279 3262 4324
1759 473 4325
1846 2186 4326
527 4303 4327
372 3789 4328
2322 978 4329
110 334 4330
32 4126 4331
309 98 4332
272 3048 4333
3666 2790 4334
332 1660 4335
2261 618 4336
746 4277 4337
2326 2110 4338
4095 909 4339
1180 3220 4340
2225 2232 4341
361 277 4342
3906 4120 4343
101 1145 4344
1894 408 4345
530 452 4346
634 316 4347
266 2532 4348
760 273 4349
272 851 4350
881 2219 4351
105 1015 4352
4062 342 4353
1095 566 4354
4350 4352 4355
2804 263 4356
257 2216 4357
1541 115 4358
2124 2913 4359
4331 98 4360
1765 115 4361
609 4187 4362
103 294 4363
440 779 4364
1518 277 4365
97 648 4366
261 2394 4367
1080 263 4368
1360 277 4369
97 1671 4370
280 1253 4371
1009 2898 4372
1320 1692 4373
257 319 4374
113 1444 4375
744 841 4376
109 737 4377
111 1554 4378
280 273 4379
493 938 4380
119 2315 4381
34 3316 4382
548 1621 4383
363 1903 4384
114 490 4385
621 2173 4386
2400 2186 4387
618 771 4388
793 277 4389
291 314 4390
747 1787 4391
3900 4381 4392
274 558 4393
105 2658 4394
2690 4394 4395
873 1910 4396
67 104 4397
259 3136 4398
621 2023 4399
4383 121 4400
1736 115 4401
283 263 4402
2978 3998 4403
3358 112 4404
279 1646 4405
4375 111 4406
607 528 4407
731 729 4408
1079 288 4409
3294 1908 4410
1215 473 4411
443 1466 4412
721 594 4413
742 4410 4414
338 2103 4415
2638 288 4416
268 319 4417
259 2023 4418
97 4181 4419
112 101 4420
1462 364 4421
526 288 4422
275 4395 4423
2383 277 4424
4347 302 4425
99 2093 4426
412 4021 4427
108 1189 4428
3828 111 4429
1809 277 4430
97 98 4431
810 314 4432
98 1691 4433
1918 115 4434
2662 2785 4435
1275 1607 4436
302 3868 4437
1080 115 4438
284 289 4439
32 928 4440
1009 528 4441
4405 4406 4442
300 3450 4443
34 1786 4444
4025 781 4445
109 109 4446
351 4426 4447
3371 719 4448
4320 1595 4449
578 408 4450
372 373 4451
122 1287 4452
4398 4433 4453
268 4437 4454
275 1097 4455
2093 1646 4456
676 611 4457
274 4443 4458
261 3146 4459
280 814 4460
372 3767 4461
1836 3268 4462
259 4415 4463
3060 121 4464
3642 1624 4465
4423 1665 4466
335 3742 4467
589 2794 4468
270 671 4469
101 102 4470
1484 2158 4471
369 1290 4472
588 994 4473
629 100 4474
378 855 4475
279 506 4476
1646 558 4477
2485 1607 4478
2864 486 4479
32 641 4480
32 1608 4481
259 3588 4482
724 1985 4483
34 344 4484
336 542 4485
1623 397 4486
1029 1741 4487
3087 115 4488
3794 111 4489
2339 100 4490
273 314 4491
2887 97 4492
2291 2187 4493
1170 111 4494
269 812 4495
1600 337 4496
4103 868 4497
3540 789 4498
421 385 4499
276 1767 4500
373 2947 4501
3870 4419 4502
706 4474 4503
4310 4456 4504
676 338 4505
621 1587 4506
4111 97 4507
2343 513 4508
1543 1996 4509
32 2173 4510
2927 288 4511
1543 116 4512
304 542 4513
1238 4388 4514
46 46 4515
266 4318 4516
110 1527 4517
4428 314 4518
259 2216 4519
634 311 4520
4418 4518 4521
2091 3275 4522
2588 558 4523
3231 4378 4524
2366 3812 4525
4374 302 4526
1792 1157 4527
2398 97 4528
32 4204 4529
413 340 4530
634 604 4531
1485 656 4532
298 1397 4533
1617 2438 4534
272 2055 4535
2140 1283 4536
4480 101 4537
3666 470 4538
3727 2186 4539
961 2093 4540
2374 1469 4541
2270 386 4542
32 328 4543
256 629 4544
581 4532 4545
4527 1020 4546
791 4213 4547
2183 4144 4548
99 1580 4549
1521 115 4550
703 4549 4551
4543 3616 4552
259 312 4553
669 267 4554
4499 302 4555
4463 303 4556
629 2094 4557
3344 263 4558
4247 2093 4559
3699 4544 4560
3028 657 4561
3323 110 4562
1781 2653 4563
385 558 4564
69 1862 4565
2607 294 4566
117 314 4567
2706 288 4568
724 633 4569
1652 2572 4570
1648 105 4571
744 2192 4572
283 2567 4573
4557 1700 4574
335 3800 4575
4016 307 4576
1017 596 4577
551 918 4578
259 2772 4579
811 425 4580
4571 2947 4581
262 1313 4582
1095 3777 4583
4577 1693 4584
776 294 4585
480 674 4586
739 3057 4587
1734 3198 4588
445 613 4589
936 277 4590
1210 3057 4591
1707 395 4592
545 1899 4593
2194 288 4594
274 403 4595
1976 604 4596
652 1691 4597
2893 4574 4598
2712 385 4599
385 1253 4600
607 1568 4601
4587 121 4602
3151 263 4603
272 617 4604
4596 328 4605
280 4597 4606
277 99 4607
394 1866 4608
1835 277 4609
270 1910 4610
2626 735 4611
355 4177 4612
1918 288 4613
89 285 4614
835 115 4615
2077 2066 4616
116 943 4617
2583 1127 4618
1953 4617 4619
109 294 4620
1418 4384 4621
2291 4469 4622
275 938 4623
97 2001 4624
104 647 4625
280 1767 4626
275 4610 4627
634 1514 4628
4440 789 4629
3292 727 4630
116 470 4631
745 855 4632
1137 121 4633
81 117 4634
3321 121 4635
308 3798 4636
504 1847 4637
401 1527 4638
275 2216 4639
4200 3218 4640
275 567 4641
259 1355 4642
4372 277 4643
683 781 4644
97 3742 4645
99 882 4646
108 277 4647
287 303 4648
412 3796 4649
119 613 4650
548 806 4651
300 648 4652
1478 4600 4653
1045 1844 4654
267 349 4655
413 4470 4656
555 1719 4657
2279 121 4658
634 4638 4659
119 2212 4660
257 433 4661
4605 751 4662
581 115 4663
296 4144 4664
3235 1554 4665
2693 705 4666
2872 98 4667
4650 392 4668
301 4517 4669
474 4607 4670
4280 1323 4671
4651 311 4672
551 270 4673
2307 486 4674
1546 751 4675
2689 311 4676
34 3119 4677
1856 4312 4678
552 1020 4679
609 4669 4680
265 289 4681
2583 563 4682
2259 115 4683
2906 4668 4684
4340 814 4685
387 1469 4686
2480 263 4687
269 1692 4688
3527 542 4689
78 367 4690
1668 843 4691
4623 4660 4692
760 420 4693
2018 289 4694
1476 1001 4695
2175 1143 4696
257 1767 4697
1407 376 4698
2314 3457 4699
268 286 4700
1802 3010 4701
4336 4645 4702
609 674 4703
4020 751 4704
4105 263 4705
108 316 4706
34 1583 4707
369 944 4708
4681 311 4709
510 2506 4710
639 4652 4711
105 855 4712
1748 2605 4713
332 431 4714
2396 1793 4715
257 4076 4716
4635 277 4717
1746 537 4718
105 435 4719
703 3229 4720
1836 594 4721
2054 115 4722
2744 1001 4723
1130 115 4724
2209 314 4725
1091 629 4726
2659 1514 4727
1170 117 4728
114 288 4729
2168 1001 4730
2156 330 4731
2261 471 4732
101 775 4733
115 273 4734
1788 1767 4735
333 4470 4736
609 2517 4737
4123 2556 4738
266 778 4739
908 1065 4740
2451 490 4741
32 4690 4742
1636 267 4743
4743 3877 4744
325 1486 4745
32 1982 4746
1176 263 4747
275 926 4748
2523 263 4749
4458 984 4750
259 4432 4751
634 4744 4752
332 3220 4753
3306 1743 4754
114 2831 4755
275 1409 4756
1634 314 4757
4746 3422 4758
3054 425 4759
293 700 4760
632 4655 4761
105 1127 4762
390 1665 4763
332 688 4764
34 2488 4765
1928 803 4766
298 117 4767
973 288 4768
274 3608 4769
413 615 4770
335 1097 4771
3166 311 4772
3263 2344 4773
284 789 4774
308 3262 4775
114 115 4776
1450 256 4777
118 3560 4778
77 1397 4779
335 629 4780
4754 495 4781
4545 277 4782
109 316 4783
501 4488 4784
772 115 4785
259 944 4786
2275 1001 4787
32 850 4788
724 554 4789
65 623 4790
2138 270 4791
3052 408 4792
275 586 4793
2599 277 4794
3612 3218 4795
2757 3195 4796
117 3294 4797
300 4262 4798
922 4646 4799
317 102 4800
1587 326 4801
3775 1554 4802
819 656 4803
1108 3593 4804
97 1256 4805
412 1205 4806
1239 461 4807
909 781 4808
282 4783 4809
1136 3502 4810
4777 1466 4811
2367 4809 4812
743 2742 4813
1170 4477 4814
4519 463 4815
280 427 4816
293 558 4817
290 3136 4818
1054 285 4819
669 452 4820
32 4047 4821
464 98 4822
4753 302 4823
632 647 4824
4770 604 4825
2133 1629 4826
308 2896 4827
280 458 4828
676 349 4829
3306 4778 4830
266 452 4831
268 1691 4832
103 3142 4833
1130 288 4834
282 314 4835
105 4808 4836
390 4801 4837
4206 657 4838
272 803 4839
378 2241 4840
462 1767 4841
1136 3346 4842
4832 4762 4843
3955 3343 4844
274 2368 4845
4043 340 4846
1835 116 4847
4807 1658 4848
2342 340 4849
1096 4377 4850
1328 334 4851
501 2628 4852
2365 288 4853
275 1552 4854
1744 4501 4855
4836 978 4856
682 558 4857
3915 303 4858
831 4581 4859
492 277 4860
3846 267 4861
272 604 4862
1627 957 4863
417 110 4864
333 2130 4865
276 4856 4866
1953 1939 4867
2314 729 4868
281 4154 4869
632 485 4870
546 99 4871
585 506 4872
990 613 4873
1173 1020 4874
105 98 4875
1709 3274 4876
819 3346 4877
302 314 4878
480 1399 4879
1976 689 4880
104 478 4881
290 1767 4882
4871 984 4883
2018 4881 4884
3866 364 4885
510 4385 4886
1115 115 4887
628 330 4888
613 287 4889
1999 4706 4890
369 602 4891
325 1651 4892
1170 101 4893
2836 473 4894
1915 114 4895
1559 294 4896
1612 605 4897
266 3177 4898
108 1864 4899
332 1985 4900
32 1552 4901
2013 425 4902
68 291 4903
3105 270 4904
806 1015 4905
2364 115 4906
800 4905 4907
274 1169 4908
1038 115 4909
941 1708 4910
935 395 4911
1184 320 4912
4890 286 4913
284 4889 4914
3875 637 4915
3046 1143 4916
32 591 4917
261 1687 4918
686 364 4919
287 288 4920
276 1761 4921
1470 288 4922
2635 1065 4923
274 1992 4924
397 1127 4925
1252 470 4926
280 3059 4927
1445 1996 4928
755 473 4929
1447 618 4930
729 121 4931
304 848 4932
336 115 4933
282 938 4934
4700 98 4935
97 104 4936
413 3747 4937
2261 4290 4938
97 1485 4939
2265 4733 4940
298 4154 4941
1240 293 4942
1175 1553 4943
4788 4934 4944
2519 256 4945
811 605 4946
448 2362 4947
857 949 4948
1834 307 4949
2224 312 4950
332 3270 4951
2798 4631 4952
3098 1554 4953
663 884 4954
594 364 4955
2941 263 4956
4267 307 4957
302 408 4958
2396 437 4959
4275 115 4960
355 2785 4961
76 2283 4962
39 340 4963
261 2930 4964
1546 288 4965
462 554 4966
1536 115 4967
694 111 4968
4335 398 4969
411 3296 4970
32 4092 4971
105 2066 4972
760 810 4973
426 4970 4974
4862 4792 4975
97 350 4976
333 2222 4977
819 1568 4978
114 2505 4979
259 4925 4980
3105 4979 4981
897 688 4982
99 1283 4983
3617 4719 4984
4981 2441 4985
33 39 4986
2151 4899 4987
257 541 4988
274 478 4989
3488 1337 4990
369 656 4991
634 1056 4992
1837 486 4993
279 1189 4994
4935 302 4995
3677 924 4996
2976 364 4997
4114 121 4998
1622 1629 4999
462 2819 5000
97 2125 5001
4240 263 5002
296 812 5003
2714 939 5004
351 2241 5005
3414 263 5006
336 1996 5007
305 1906 5008
97 659 5009
276 605 5010
2333 395 5011
1205 781 5012
1756 2110 5013
328 1985 5014
3472 503 5015
448 1985 5016
2600 2190 5017
2768 288 5018
2547 300 5019
3692 263 5020
2661 960 5021
265 314 5022
120 121 5023
508 4185 5024
3754 957 5025
3700 5012 5026
1622 307 5027
32 3356 5028
909 395 5029
4028 256 5030
266 3270 5031
3095 115 5032
3718 263 5033
332 314 5034
412 285 5035
334 863 5036
480 1683 5037
258 4564 5038
3738 263 5039
1820 3422 5040
886 882 5041
925 470 5042
895 395 5043
3585 4755 5044
413 4388 5045
3935 307 5046
681 395 5047
79 107 5048
87 342 5049
585 430 5050
2848 554 5051
276 503 5052
268 3413 5053
1625 115 5054
1204 288 5055
308 633 5056
2521 3486 5057
363 687 5058
925 2219 5059
80 1636 5060
3200 957 5061
506 115 5062
268 751 5063
276 1335 5064
4989 4253 5065
1497 291 5066
3403 115 5067
259 2940 5068
32 3010 5069
2005 1434 5070
810 450 5071
4816 964 5072
115 288 5073
270 293 5074
4404 288 5075
1878 115 5076
101 1251 5077
371 615 5078
861 604 5079
4642 277 5080
4118 288 5081
2089 395 5082
1176 314 5083
279 3268 5084
4917 263 5085
115 2024 5086
332 1362 5087
4944 803 5088
110 871 5089
4162 751 5090
280 3259 5091
2826 2913 5092
89 666 5093
1118 4647 5094
279 401 5095
111 828 5096
268 4835 5097
295 1371 5098
105 494 5099
276 1687 5100
607 1497 5101
1026 115 5102
1689 121 5103
281 486 5104
280 2154 5105
881 111 5106
390 310 5107
3282 364 5108
3292 330 5109
1686 435 5110
2322 3974 5111
4726 1206 5112
278 4734 5113
102 992 5114
63 10 5115
77 4446 5116
82 101 5117
295 495 5118
257 437 5119
1615 277 5120
261 814 5121
4800 681 5122
117 1804 5123
1276 437 5124
508 437 5125
268 687 5126
283 2614 5127
114 109 5128
279 2188 5129
609 5036 5130
87 452 5131
1663 3992 5132
4251 984 5133
4203 1629 5134
278 293 5135
1123 110 5136
4988 657 5137
1468 115 5138
2635 3566 5139
3912 735 5140
2565 115 5141
4831 2110 5142
819 3502 5143
259 3010 5144
261 5071 5145
65 306 5146
619 594 5147
360 4005 5148
1030 2748 5149
4075 430 5150
532 470 5151
2942 101 5152
4583 545 5153
74 431 5154
280 4286 5155
1013 907 5156
2858 263 5157
881 2236 5158
3743 398 5159
1238 102 5160
262 5128 5161
4992 1371 5162
552 398 5163
1175 1721 5164
676 4648 5165
66 3189 5166
32 4065 5167
2454 435 5168
63 2203 5169
2270 1996 5170
111 5086 5171
859 111 5172
98 1527 5173
371 843 5174
1416 1065 5175
401 294 5176
257 666 5177
925 1676 5178
77 496 5179
4930 926 5180
5139 926 5181
5161 529 5182
361 115 5183
87 4486 5184
2877 814 5185
1622 1001 5186
2944 288 5187
1976 273 5188
2296 4039 5189
259 775 5190
609 4878 5191
742 4798 5192
58 10 5193
1240 1607 5194
562 385 5195
609 5176 5196
412 4234 5197
1020 109 5198
2724 115 5199
505 789 5200
774 1127 5201
3743 5086 5202
1215 1996 5203
5182 277 5204
266 4491 5205
866 2035 5206
3844 293 5207
266 1659 5208
356 5099 5209
1240 2897 5210
1321 288 5211
103 288 5212
3993 3034 5213
4252 2025 5214
335 5209 5215
4554 2556 5216
100 111 5217
276 3420 5218
487 44 5219
4493 263 5220
2333 5096 5221
4939 1010 5222
989 102 5223
5087 5198 5224
4994 984 5225
532 550 5226
70 108 5227
1695 3756 5228
609 3177 5229
1738 115 5230
272 319 5231
4236 1001 5232
548 2094 5233
3866 1015 5234
3231 2862 5235
2204 542 5236
886 5222 5237
669 1527 5238
114 688 5239
2171 781 5240
1772 115 5241
74 294 5242
3458 115 5243
78 310 5244
682 1001 5245
448 4370 5246
4304 594 5247
3407 1671 5248
32 3805 5249
848 1073 5250
2698 3275 5251
2086 1705 5252
607 485 5253
2117 357 5254
4314 3742 5255
445 119 5256
4884 307 5257
257 430 5258
274 330 5259
45 3296 5260
453 115 5261
747 5239 5262
34 3517 5263
32 2202 5264
287 486 5265
588 810 5266
118 311 5267
3791 542 5268
527 2236 5269
108 115 5270
1947 115 5271
4057 786 5272
4670 688 5273
2007 1595 5274
274 1681 5275
494 591 5276
610 3560 5277
2629 263 5278
332 1994 5279
72 2896 5280
4991 303 5281
800 1659 5282
4055 340 5283
5275 984 5284
33 2203 5285
1017 689 5286
3766 115 5287
101 629 5288
259 437 5289
5233 267 5290
3215 314 5291
105 687 5292
508 458 5293
676 4593 5294
257 3783 5295
32 2176 5296
97 1102 5297
99 1001 5298
747 2796 5299
273 871 5300
2383 263 5301
34 1151 5302
3506 957 5303
32 86 5304
3358 2125 5305
34 5117 5306
332 643 5307
3685 1100 5308
4728 769 5309
462 452 5310
32 4983 5311
117 288 5312
259 952 5313
2171 288 5314
32 120 5315
669 1679 5316
115 303 5317
480 1014 5318
4609 408 5319
1170 4955 5320
532 670 5321
34 2574 5322
101 263 5323
5136 337 5324
2193 115 5325
76 101 5326
266 789 5327
1142 2241 5328
807 3974 5329
1182 2496 5330
1147 318 5331
32 2866 5332
2376 115 5333
952 1908 5334
266 314 5335
2327 288 5336
277 1371 5337
516 984 5338
5078 5334 5339
311 385 5340
589 291 5341
274 518 5342
4950 288 5343
795 1143 5344
99 1041 5345
1405 287 5346
989 4631 5347
3976 2241 5348
1052 1414 5349
111 435 5350
3339 115 5351
114 114 5352
2564 495 5353
3577 115 5354
829 395 5355
69 120 5356
1617 1100 5357
744 4060 5358
3401 314 5359
1933 1996 5360
98 687 5361
2697 5292 5362
5106 855 5363
462 4624 5364
122 566 5365
1048 263 5366
373 1127 5367
3617 718 5368
32 3049 5369
578 2064 5370
371 1358 5371
259 2500 5372
274 2605 5373
290 470 5374
100 764 5375
1459 657 5376
2917 1143 5377
5282 687 5378
119 3083 5379
761 5366 5380
795 1939 5381
627 2158 5382
1574 1692 5383
282 613 5384
1210 1791 5385
109 778 5386
298 5367 5387
1667 115 5388
2147 1629 5389
290 3220 5390
333 513 5391
45 398 5392
857 1038 5393
2265 4976 5394
333 103 5395
2850 263 5396
34 3841 5397
859 293 5398
721 1143 5399
2464 2683 5400
4941 340 5401
98 3622 5402
462 273 5403
371 1055 5404
5188 1371 5405
2925 288 5406
32 2083 5407
83 2649 5408
97 3868 5409
881 2727 5410
970 2867 5411
1375 294 5412
3636 615 5413
1690 5379 5414
2225 307 5415
328 5365 5416
394 4833 5417
1995 115 5418
4559 121 5419
312 112 5420
369 490 5421
295 1713 5422
3340 115 5423
1836 1206 5424
897 964 5425
4354 1436 5426
108 3783 5427
369 1400 5428
970 3259 5429
1249 542 5430
412 994 5431
333 293 5432
45 737 5433
1586 4366 5434
279 1620 5435
4123 907 5436
102 121 5437
346 3252 5438
65 108 5439
104 604 5440
34 44 5441
261 270 5442
387 3821 5443
83 116 5444
1052 496 5445
77 4958 5446
897 2066 5447
532 291 5448
1385 4065 5449
2163 1434 5450
272 263 5451
2574 960 5452
5164 121 5453
3479 115 5454
2147 957 5455
3953 1409 5456
585 537 5457
5392 1910 5458
527 320 5459
2635 605 5460
268 652 5461
793 4183 5462
1170 97 5463
532 518 5464
1109 3439 5465
561 2738 5466
4904 4065 5467
280 871 5468
925 848 5469
607 656 5470
1111 115 5471
853 1409 5472
110 558 5473
298 356 5474
743 5337 5475
3472 567 5476
266 2236 5477
2757 4760 5478
5469 5361 5479
5461 2862 5480
474 97 5481
356 263 5482
274 3770 5483
97 2738 5484
1546 4817 5485
4032 115 5486
4288 101 5487
857 1131 5488
2710 5001 5489
2717 115 5490
4302 117 5491
4822 5014 5492
5448 4262 5493
1118 386 5494
1634 1100 5495
334 558 5496
1491 550 5497
4530 4128 5498
2156 1864 5499
32 1119 5500
3739 907 5501
794 5437 5502
1764 115 5503
4219 718 5504
532 737 5505
2366 114 5506
32 4634 5507
268 1607 5508
275 601 5509
2387 1629 5510
1463 2186 5511
100 558 5512
588 4797 5513
4085 1090 5514
261 668 5515
5465 618 5516
1275 868 5517
1668 5345 5518
2728 3783 5519
1667 2094 5520
397 1024 5521
694 629 5522
800 952 5523
32 5244 5524
279 3789 5525
1695 549 5526
261 291 5527
1252 4145 5528
259 550 5529
5023 4363 5530
333 1465 5531
1219 341 5532
440 1015 5533
3754 307 5534
5413 431 5535
412 293 5536
5068 307 5537
73 115 5538
5404 817 5539
99 99 5540
34 2417 5541
4893 376 5542
2395 277 5543
5364 2930 5544
3993 3420 5545
739 952 5546
1239 700 5547
274 5533 5548
266 2381 5549
2342 435 5550
1091 1767 5551
1075 115 5552
3260 115 5553
1058 115 5554
1071 3729 5555
857 1218 5556
32 1847 5557
3200 307 5558
544 46 5559
636 1127 5560
4134 408 5561
280 2173 5562
2145 263 5563
4673 3593 5564
5070 1899 5565
2704 670 5566
332 1676 5567
284 5173 5568
102 2959 5569
87 374 5570
634 3387 5571
257 952 5572
351 567 5573
32 5297 5574
722 3543 5575
724 1568 5576
275 408 5577
553 1660 5578
1210 5416 5579
1346 314 5580
3067 2195 5581
5520 1679 5582
1310 1065 5583
3894 263 5584
1406 1859 5585
332 1659 5586
280 2605 5587
1944 115 5588
2217 566 5589
272 1553 5590
639 5066 5591
5557 5267 5592
1267 473 5593
3881 263 5594
269 652 5595
4932 115 5596
1401 115 5597
266 373 5598
1142 5569 5599
2252 4972 5600
1328 364 5601
1970 288 5602
4112 115 5603
5481 5029 5604
1704 115 5605
5034 1100 5606
1535 1844 5607
508 2700 5608
2086 3052 5609
76 4888 5610
3419 314 5611
5009 104 5612
1720 687 5613
3488 756 5614
810 288 5615
4219 4712 5616
105 294 5617
109 591 5618
532 2817 5619
5190 307 5620
1785 115 5621
970 114 5622
351 789 5623
2324 1761 5624
1155 5171 5625
287 913 5626
456 5217 5627
110 4344 5628
1069 2532 5629
5590 781 5630
298 1178 5631
413 307 5632
1729 2556 5633
1264 98 5634
3585 3082 5635
1149 319 5636
857 1377 5637
493 514 5638
5290 1607 5639
505 1290 5640
109 503 5641
111 1796 5642
831 984 5643
105 4833 5644
5589 687 5645
3690 115 5646
333 5628 5647
105 3307 5648
903 2566 5649
3935 1001 5650
84 2047 5651
1017 5648 5652
579 2152 5653
294 775 5654
473 1127 5655
3193 1975 5656
459 97 5657
276 992 5658
4085 2195 5659
418 542 5660
646 4005 5661
1275 1371 5662
1339 288 5663
2366 5420 5664
3110 5386 5665
3532 628 5666
284 5530 5667
287 2158 5668
1223 5058 5669
561 5618 5670
259 1698 5671
609 4470 5672
480 101 5673
776 115 5674
34 4614 5675
32 5206 5676
3644 289 5677
39 46 5678
105 107 5679
388 288 5680
1194 5641 5681
807 2130 5682
275 1679 5683
3241 3229 5684
1814 115 5685
351 1409 5686
3775 425 5687
108 1527 5688
2348 1660 5689
800 3096 5690
2584 1434 5691
372 2106 5692
1075 288 5693
5085 288 5694
3912 939 5695
290 1676 5696
899 289 5697
285 2324 5698
100 334 5699
272 5340 5700
298 5521 5701
2877 1473 5702
295 4183 5703
3066 263 5704
1634 2556 5705
276 3006 5706
275 850 5707
1625 117 5708
2197 3310 5709
279 5012 5710
70 1092 5711
3374 288 5712
3028 1395 5713
117 338 5714
447 97 5715
32 5711 5716
1586 307 5717
1574 1001 5718
4332 115 5719
272 4318 5720
34 5166 5721
4503 806 5722
2440 4729 5723
332 1791 5724
5196 786 5725
257 3457 5726
4467 992 5727
1238 4620 5728
85 110 5729
266 316 5730
266 503 5731
269 3974 5732
2256 1796 5733
1901 115 5734
5571 2862 5735
1663 119 5736
5346 5114 5737
5442 322 5738
4767 1287 5739
4895 4030 5740
4872 2232 5741
566 841 5742
1938 115 5743
1399 117 5744
68 633 5745
1759 907 5746
3516 288 5747
4562 1710 5748
3616 556 5749
5598 5089 5750
4791 882 5751
117 120 5752
100 288 5753
2172 288 5754
2398 101 5755
279 537 5756
474 273 5757
5160 490 5758
5627 1866 5759
1759 1498 5760
2729 288 5761
259 105 5762
739 1568 5763
439 5482 5764
886 2972 5765
721 364 5766
2521 1607 5767
1546 101 5768
5752 117 5769
1096 2794 5770
2333 3048 5771
1148 288 5772
4178 4039 5773
445 5742 5774
903 5628 5775
3700 273 5776
45 5749 5777
4786 1996 5778
2689 2605 5779
670 300 5780
258 623 5781
2350 4983 5782
111 104 5783
5395 267 5784
4123 1552 5785
721 2587 5786
332 4390 5787
5762 1400 5788
721 3747 5789
480 300 5790
1809 288 5791
5632 1718 5792
1252 4488 5793
369 2413 5794
789 121 5795
5227 1642 5796
101 3294 5797
283 119 5798
3540 3899 5799
478 97 5800
1822 3259 5801
267 764 5802
46 39 5803
5223 1815 5804
995 2195 5805
5740 2010 5806
2226 687 5807
4503 2721 5808
274 5769 5809
32 5699 5810
3846 1268 5811
115 486 5812
76 3115 5813
1228 629 5814
45 98 5815
67 108 5816
908 542 5817
2712 700 5818
2254 4270 5819
811 2522 5820
2454 319 5821
1210 5288 5822
3222 781 5823
588 1651 5824
4879 558 5825
5636 775 5826
1267 1100 5827
4467 2540 5828
439 812 5829
333 2842 5830
317 385 5831
1876 115 5832
5172 1191 5833
266 3899 5834
97 1001 5835
800 628 5836
857 1168 5837
32 4903 5838
5463 1088 5839
936 687 5840
266 1721 5841
743 267 5842
274 3310 5843
1320 2079 5844
413 1110 5845
610 4390 5846
83 2305 5847
2114 1629 5848
266 1514 5849
588 1414 5850
1146 2730 5851
66 2716 5852
32 4660 5853
2013 364 5854
108 957 5855
970 952 5856
3444 115 5857
275 2381 5858
110 314 5859
5371 4363 5860
857 1425 5861
335 1253 5862
335 2173 5863
682 288 5864
71 3256 5865
32 3901 5866
1663 108 5867
4288 314 5868
5634 433 5869
259 4390 5870
111 263 5871
32 89 5872
669 681 5873
5293 605 5874
800 550 5875
3515 157 5876
257 301 5877
97 287 5878
2038 115 5879
34 3412 5880
77 1414 5881
77 114 5882
1227 4647 5883
721 845 5884
2011 121 5885
103 687 5886
84 1337 5887
87 4270 5888
66 4364 5889
263 5859 5890
5890 1127 5891
3844 1607 5892
1378 352 5893
973 115 5894
551 111 5895
2846 115 5896
676 556 5897
464 109 5898
681 97 5899
857 1583 5900
285 115 5901
372 328 5902
4854 100 5903
308 506 5904
1227 267 5905
2646 1251 5906
107 1268 5907
108 320 5908
5321 913 5909
2128 288 5910
3313 288 5911
4850 263 5912
1212 5384 5913
108 294 5914
32 2079 5915
111 764 5916
1881 1866 5917
5084 263 5918
105 427 5919
279 933 5920
320 687 5921
1336 288 5922
265 3962 5923
2229 4312 5924
5664 121 5925
1045 4491 5926
1214 871 5927
838 1342 5928
600 3962 5929
4567 1127 5930
325 1783 5931
1834 2605 5932
3915 1434 5933
118 97 5934
106 334 5935
4030 5047 5936
530 5891 5937
116 3821 5938
97 4065 5939
782 5938 5940
2366 5427 5941
1185 105 5942
32 843 5943
331 112 5944
2270 349 5945
257 367 5946
518 121 5947
1751 3024 5948
3753 288 5949
351 3899 5950
122 558 5951
283 885 5952
1776 1411 5953
2875 115 5954
2077 1909 5955
105 1831 5956
98 871 5957
77 286 5958
350 984 5959
104 1268 5960
3597 288 5961
80 2790 5962
464 110 5963
372 312 5964
69 3019 5965
5637 542 5966
32 438 5967
66 2615 5968
371 933 5969
32 2347 5970
1182 1527 5971
2879 2233 5972
4408 1629 5973
5034 2453 5974
1977 905 5975
3633 771 5976
104 104 5977
713 1065 5978
276 386 5979
996 307 5980
857 1786 5981
261 604 5982
2101 363 5983
634 2236 5984
5946 533 5985
5390 263 5986
1042 114 5987
4828 1556 5988
283 5930 5989
1328 602 5990
5103 115 5991
1226 5957 5992
390 929 5993
333 450 5994
2854 871 5995
859 2587 5996
1170 938 5997
5707 1041 5998
5944 4312 5999
101 845 6000
122 294 6001
280 5921 6002
4702 263 6003
3061 1611 6004
70 114 6005
1020 756 6006
721 5245 6007
3407 5245 6008
2175 1761 6009
274 2297 6010
5814 108 6011
2689 307 6012
2677 115 6013
4057 707 6014
5706 1434 6015
1109 1100 6016
72 4805 6017
34 4047 6018
977 2130 6019
1017 5999 6020
5809 425 6021
263 5753 6022
714 1939 6023
277 110 6024
85 104 6025
97 5317 6026
279 2119 6027
1590 5298 6028
2629 288 6029
975 288 6030
607 293 6031
272 4431 6032
3008 5960 6033
5717 1100 6034
6032 3566 6035
3735 115 6036
5860 1909 6037
72 3798 6038
77 4234 6039
632 729 6040
5722 263 6041
373 101 6042
4921 4808 6043
117 395 6044
609 3770 6045
34 1974 6046
2250 107 6047
445 6026 6048
1650 3343 6049
800 1414 6050
1082 1544 6051
2898 288 6052
1490 5936 6053
266 756 6054
371 490 6055
739 301 6056
670 1100 6057
2664 3034 6058
1824 5440 6059
3516 263 6060
1320 6001 6061
3079 3877 6062
4252 775 6063
5821 781 6064
1228 604 6065
332 1975 6066
5038 340 6067
1764 288 6068
609 5409 6069
2728 1592 6070
1062 1056 6071
676 3420 6072
3552 855 6073
261 400 6074
480 5496 6075
460 115 6076
1175 1906 6077
1227 5864 6078
314 397 6079
32 2932 6080
590 5212 6081
1252 4712 6082
34 1407 6083
335 1409 6084
713 1100 6085
819 1985 6086
531 1409 6087
857 2058 6088
307 2522 6089
4314 5123 6090
45 102 6091
70 1556 6092
1634 2605 6093
2588 101 6094
279 1313 6095
298 5899 6096
6095 105 6097
2265 277 6098
2593 1595 6099
3506 395 6100
5708 1371 6101
1047 115 6102
102 273 6103
669 1032 6104
2942 6079 6105
479 542 6106
1105 2781 6107
118 267 6108
4786 115 6109
708 6089 6110
273 1411 6111
312 1996 6112
1802 288 6113
390 1473 6114
2711 115 6115
474 2842 6116
276 567 6117
5019 2066 6118
355 5654 6119
347 542 6120
279 4760 6121
1061 2190 6122
274 992 6123
1399 1996 6124
597 2683 6125
5326 111 6126
456 6103 6127
1020 820 6128
6056 121 6129
869 357 6130
588 5744 6131
724 6044 6132
1296 115 6133
464 2090 6134
1497 105 6135
2256 3049 6136
1056 938 6137
2267 288 6138
278 364 6139
34 5889 6140
261 6022 6141
283 994 6142
443 2438 6143
2034 115 6144
5935 613 6145
4251 3059 6146
74 1683 6147
82 5250 6148
3777 398 6149
308 3259 6150
305 5074 6151
5516 735 6152
5536 116 6153
68 4652 6154
298 5780 6155
1650 1100 6156
1999 3756 6157
1701 550 6158
859 5624 6159
1747 288 6160
80 2690 6161
413 2079 6162
2626 5626 6163
3028 5312 6164
1861 288 6165
5356 6149 6166
98 2286 6167
1627 1629 6168
3209 288 6169
3909 673 6170
2480 288 6171
2879 337 6172
805 99 6173
1058 277 6174
6116 6057 6175
105 286 6176
4203 307 6177
810 5951 6178
3327 2605 6179
1137 288 6180
75 2345 6181
280 391 6182
294 2001 6183
2038 687 6184
2696 781 6185
1111 277 6186
2426 957 6187
4586 558 6188
5526 957 6189
588 271 6190
1627 108 6191
259 957 6192
301 1358 6193
1981 1202 6194
279 926 6195
694 302 6196
259 463 6197
819 1681 6198
540 957 6199
640 111 6200
4639 314 6201
859 286 6202
97 97 6203
3286 1395 6204
462 1414 6205
1045 2188 6206
3394 121 6207
4569 957 6208
266 326 6209
1976 1844 6210
104 1424 6211
32 5999 6212
266 1903 6213
739 656 6214
911 1996 6215
275 386 6216
1733 1001 6217
2679 288 6218
1689 604 6219
5762 4295 6220
5101 302 6221
4530 408 6222
83 3483 6223
704 115 6224
278 1497 6225
108 1533 6226
101 4936 6227
1768 314 6228
82 111 6229
1275 2897 6230
4666 1100 6231
272 471 6232
3209 263 6233
5466 1629 6234
6071 263 6235
272 312 6236
1443 340 6237
32 844 6238
1612 5959 6239
112 689 6240
3100 263 6241
5878 871 6242
3022 115 6243
5255 263 6244
274 656 6245
609 628 6246
4055 435 6247
4354 918 6248
110 1048 6249
276 6242 6250
280 2819 6251
588 5657 6252
5609 5300 6253
4790 558 6254
2850 277 6255
870 5128 6256
6080 1358 6257
1695 6145 6258
4397 3812 6259
2174 115 6260
3596 115 6261
32 409 6262
925 5350 6263
1388 2152 6264
552 1554 6265
323 3868 6266
2767 97 6267
5943 3034 6268
412 356 6269
3997 513 6270
2268 5615 6271
335 503 6272
77 4776 6273
3678 1411 6274
117 1671 6275
372 121 6276
1111 687 6277
1195 288 6278
1446 871 6279
1490 3574 6280
281 1100 6281
1659 957 6282
505 656 6283
2457 395 6284
1070 687 6285
464 1941 6286
1172 3049 6287
5117 847 6288
5306 620 6289
372 111 6290
275 1632 6291
266 2518 6292
5474 395 6293
118 687 6294
332 3413 6295
548 2453 6296
97 775 6297
1326 478 6298
1345 5317 6299
1017 102 6300
2202 1119 6301
480 117 6302
4693 263 6303
1603 5265 6304
1224 1624 6305
335 6024 6306
111 427 6307
105 5753 6308
5908 395 6309
651 5642 6310
607 1683 6311
274 5484 6312
5673 1055 6313
405 4491 6314
909 2010 6315
4673 314 6316
34 3456 6317
3995 115 6318
3635 1268 6319
1613 542 6320
1254 3252 6321
548 1555 6322
5507 420 6323
674 558 6324
1663 319 6325
636 2778 6326
1237 3087 6327
3456 1660 6328
970 4931 6329
2383 288 6330
3685 1065 6331
508 5835 6332
4579 4128 6333
305 629 6334
278 4128 6335
121 271 6336
2714 735 6337
4562 4855 6338
3303 2605 6339
261 729 6340
588 5714 6341
372 796 6342
439 1692 6343
480 2381 6344
5673 659 6345
302 1465 6346
2489 115 6347
6334 293 6348
412 471 6349
34 77 6350
104 586 6351
2490 633 6352
1105 1705 6353
5842 781 6354
46 4515 6355
6077 115 6356
1142 1621 6357
332 3146 6358
276 1791 6359
111 3229 6360
108 550 6361
508 427 6362
3302 115 6363
32 933 6364
3382 115 6365
4408 307 6366
275 1553 6367
332 3521 6368
5506 652 6369
886 3747 6370
578 4446 6371
32 5166 6372
4559 871 6373
4968 1102 6374
32 2579 6375
34 932 6376
105 1465 6377
2816 115 6378
105 357 6379
613 109 6380
4075 630 6381
5979 652 6382
1603 939 6383
2263 1395 6384
906 288 6385
364 307 6386
3153 556 6387
97 1741 6388
819 1283 6389
464 5699 6390
2757 117 6391
5983 263 6392
2638 115 6393
3484 115 6394
530 3195 6395
5998 395 6396
72 3262 6397
639 1322 6398
1385 1831 6399
332 550 6400
1017 575 6401
2425 719 6402
637 463 6403
970 319 6404
272 6403 6405
1998 2286 6406
32 4254 6407
261 4655 6408
3379 3868 6409
2247 288 6410
34 84 6411
65 2416 6412
272 1436 6413
1612 349 6414
69 3992 6415
347 4295 6416
1045 652 6417
746 3868 6418
2810 288 6419
109 613 6420
5019 1555 6421
6246 957 6422
3866 4452 6423
959 3069 6424
892 1469 6425
2013 1554 6426
1244 307 6427
1546 5698 6428
1772 263 6429
103 111 6430
531 682 6431
308 5612 6432
6213 115 6433
6298 2311 6434
531 3868 6435
4968 120 6436
266 1592 6437
258 6315 6438
4921 6315 6439
726 1660 6440
857 1292 6441
3336 121 6442
328 105 6443
588 2751 6444
4767 5951 6445
77 2119 6446
275 820 6447
2307 913 6448
2878 687 6449
114 1544 6450
34 6025 6451
734 427 6452
45 5783 6453
5327 277 6454
1781 115 6455
275 622 6456
341 687 6457
531 2819 6458
2749 1629 6459
5511 115 6460
1502 5655 6461
3482 542 6462
1276 1793 6463
4894 263 6464
1054 6379 6465
1643 115 6466
4431 364 6467
286 1629 6468
335 848 6469
578 623 6470
621 4185 6471
100 871 6472
105 1001 6473
290 6388 6474
3601 4646 6475
4918 957 6476
5729 4855 6477
6080 868 6478
1149 2614 6479
289 111 6480
524 2778 6481
105 4549 6482
266 2475 6483
4510 121 6484
682 395 6485
3105 307 6486
83 1397 6487
621 446 6488
739 334 6489
6369 6420 6490
203 156 6491
3794 1646 6492
544 6491 6493
1691 814 6494
731 267 6495
2013 2190 6496
2485 1371 6497
724 3770 6498
4134 2438 6499
65 98 6500
970 3081 6501
293 1939 6502
1226 1831 6503
1440 604 6504
2942 431 6505
5768 602 6506
1320 1741 6507
275 779 6508
6367 1864 6509
295 905 6510
925 2705 6511
274 1473 6512
1388 277 6513
2510 2913 6514
6510 286 6515
289 2024 6516
1262 114 6517
2456 2532 6518
1702 533 6519
302 1648 6520
1263 4833 6521
412 4366 6522
686 314 6523
5815 326 6524
75 751 6525
261 320 6526
694 423 6527
34 80 6528
280 5644 6529
97 5859 6530
4538 288 6531
266 845 6532
112 277 6533
89 494 6534
3100 288 6535
3540 5795 6536
3061 386 6537
3828 1646 6538
1014 115 6539
1821 1020 6540
6152 1908 6541
63 39 6542
378 615 6543
2461 1516 6544
1109 1065 6545
63 5441 6546
1262 1028 6547
2175 6450 6548
32 775 6549
372 2498 6550
261 6000 6551
975 2605 6552
66 373 6553
3549 263 6554
279 6473 6555
290 6226 6556
317 1485 6557
268 105 6558
314 1358 6559
2493 263 6560
77 3796 6561
284 341 6562
5622 267 6563
724 5956 6564
619 6249 6565
77 285 6566
279 6559 6567
2661 288 6568
34 5244 6569
398 615 6570
1340 293 6571
4396 115 6572
412 111 6573
121 2272 6574
32 3800 6575
333 6574 6576
1068 3252 6577
32 3903 6578
259 4875 6579
989 6570 6580
78 2614 6581
268 1869 6582
335 5901 6583
99 575 6584
4339 115 6585
117 4446 6586
290 4518 6587
107 121 6588
1398 5270 6589
34 3002 6590
807 556 6591
34 2685 6592
2583 769 6593
2964 1024 6594
351 1121 6595
2689 957 6596
1007 576 6597
70 814 6598
919 1793 6599
4123 363 6600
3800 314 6601
508 1409 6602
996 5914 6603
1836 420 6604
259 4253 6605
4267 1001 6606
724 5947 6607
1227 307 6608
3491 115 6609
578 6294 6610
83 104 6611
5679 105 6612
82 2067 6613
83 356 6614
1096 408 6615
3870 6601 6616
4895 494 6617
857 2260 6618
5577 1648 6619
738 482 6620
5494 263 6621
5445 121 6622
280 779 6623
257 6282 6624
2937 5323 6625
97 1400 6626
840 5753 6627
1726 277 6628
2470 855 6629
479 6472 6630
1020 115 6631
4586 5800 6632
274 2023 6633
390 6112 6634
5038 435 6635
1746 3729 6636
6580 6183 6637
6543 291 6638
111 4593 6639
76 994 6640
638 2730 6641
44 10 6642
114 1041 6643
1258 6135 6644
1224 5753 6645
3414 115 6646
1372 115 6647
3060 871 6648
105 5886 6649
385 326 6650
5113 1607 6651
923 6639 6652
79 119 6653
1226 2522 6654
283 637 6655
412 303 6656
101 868 6657
80 1322 6658
114 328 6659
1809 1015 6660
4218 2560 6661
985 4776 6662
5798 111 6663
34 1664 6664
276 6468 6665
105 957 6666
3485 2605 6667
108 1629 6668
412 364 6669
111 1028 6670
2811 115 6671
2128 115 6672
1042 311 6673
4812 263 6674
97 3294 6675
4891 288 6676
3091 1305 6677
110 687 6678
3955 5617 6679
859 5802 6680
588 6178 6681
480 303 6682
4589 6351 6683
2650 277 6684
5327 3127 6685
5758 687 6686
300 5212 6687
4879 719 6688
2377 775 6689
118 604 6690
1868 1994 6691
4043 435 6692
621 6657 6693
866 2067 6694
293 1399 6695
1191 293 6696
5770 340 6697
4780 349 6698
79 1028 6699
1681 1001 6700
544 292 6701
970 1397 6702
607 3197 6703
2373 314 6704
5784 907 6705
77 994 6706
3666 1676 6707
3781 115 6708
458 425 6709
480 6137 6710
619 108 6711
104 1533 6712
121 300 6713
6558 1624 6714
34 662 6715
111 2778 6716
273 1939 6717
298 2772 6718
298 615 6719
412 6482 6720
335 4117 6721
3499 115 6722
275 643 6723
305 1213 6724
32 6017 6725
445 740 6726
479 115 6727
66 108 6728
886 1718 6729
34 76 6730
83 397 6731
3627 115 6732
1326 871 6733
68 5901 6734
857 1974 6735
4569 5855 6736
305 2498 6737
588 3262 6738
1042 6443 6739
278 1409 6740
45 116 6741
6563 1437 6742
3727 1908 6743
257 6649 6744
1736 4983 6745
2180 810 6746
501 518 6747
4122 542 6748
272 1660 6749
819 628 6750
1080 288 6751
3842 115 6752
276 2819 6753
1113 6696 6754
116 307 6755
3438 6700 6756
6579 6361 6757
6746 303 6758
364 719 6759
465 1527 6760
3281 1544 6761
6723 282 6762
970 108 6763
4292 652 6764
4088 463 6765
110 111 6766
333 334 6767
2038 277 6768
819 4760 6769
1365 277 6770
1148 115 6771
3162 2605 6772
2824 115 6773
4894 288 6774
459 114 6775
588 5797 6776
99 397 6777
857 1794 6778
363 602 6779
82 117 6780
112 503 6781
300 115 6782
32 5610 6783
1227 2057 6784
34 377 6785
3447 115 6786
1033 3543 6787
328 907 6788
1819 542 6789
897 6775 6790
428 3341 6791
989 2093 6792
811 2540 6793
6659 1395 6794
5532 871 6795
298 6309 6796
908 116 6797
100 350 6798
530 1313 6799
2237 391 6800
1695 2540 6801
6391 1121 6802
2485 2897 6803
5697 871 6804
987 4625 6805
34 6288 6806
5781 1014 6807
857 1334 6808
1571 121 6809
6797 2721 6810
98 737 6811
1167 541 6812
1906 1629 6813
2080 1305 6814
1755 115 6815
2757 6502 6816
1045 3197 6817
5527 699 6818
5893 263 6819
269 549 6820
2196 111 6821
332 5276 6822
82 331 6823
3811 115 6824
293 458 6825
3052 2024 6826
356 314 6827
691 4625 6828
268 4390 6829
261 1268 6830
413 2161 6831
5830 435 6832
99 687 6833
5307 121 6834
408 1743 6835
361 687 6836
774 2778 6837
1633 542 6838
3407 4452 6839
274 373 6840
68 300 6841
480 4370 6842
84 2614 6843
97 364 6844
3200 395 6845
6193 288 6846
256 119 6847
1017 115 6848
548 909 6849
102 401 6850
34 1177 6851
1942 337 6852
3494 115 6853
3558 263 6854
667 288 6855
34 5538 6856
274 1665 6857
802 1001 6858
2558 337 6859
1515 6826 6860
2314 4145 6861
275 302 6862
439 5073 6863
3603 6533 6864
371 385 6865
6831 1208 6866
1802 294 6867
272 6000 6868
558 337 6869
3110 6781 6870
5255 288 6871
32 6650 6872
6478 5871 6873
273 700 6874
1275 3486 6875
257 1568 6876
464 4857 6877
1245 121 6878
5672 115 6879
5816 637 6880
541 114 6881
32 6301 6882
276 4470 6883
100 263 6884
4609 2438 6885
106 111 6886
4020 1607 6887
1522 376 6888
4236 957 6889
332 4920 6890
2124 2057 6891
480 6042 6892
5873 263 6893
1506 6844 6894
609 506 6895
32 4645 6896
290 1451 6897
1170 929 6898
3603 868 6899
32 6626 6900
71 5074 6901
588 6452 6902
298 6402 6903
3578 373 6904
34 4903 6905
5597 1444 6906
6881 6695 6907
301 303 6908
2728 952 6909
257 1205 6910
280 6782 6911
274 1211 6912
104 2055 6913
4304 2125 6914
34 3279 6915
3939 6798 6916
275 1581 6917
672 5864 6918
970 111 6919
6182 263 6920
497 3252 6921
462 541 6922
273 5123 6923
2521 2897 6924
857 2417 6925
5810 984 6926
287 1362 6927
5113 681 6928
371 668 6929
1267 1065 6930
721 6457 6931
265 549 6932
335 2023 6933
3500 115 6934
4004 263 6935
109 5077 6936
724 1587 6937
353 289 6938
739 1665 6939
2015 98 6940
2322 812 6941
1634 907 6942
1184 5350 6943
346 2010 6944
6097 2438 6945
6225 1864 6946
275 2930 6947
480 285 6948
5867 718 6949
1627 5270 6950
6790 5062 6951
1045 729 6952
32 1358 6953
1543 775 6954
32 6148 6955
1463 4620 6956
99 1700 6957
4493 550 6958
1318 1708 6959
3648 291 6960
6916 318 6961
80 293 6962
34 5093 6963
2367 3146 6964
6896 3343 6965
1630 6571 6966
6456 267 6967
97 101 6968
5307 1629 6969
5942 740 6970
1881 2083 6971
1200 288 6972
81 657 6973
6216 277 6974
739 3729 6975
443 5402 6976
101 1465 6977
2373 288 6978
2724 316 6979
6864 3124 6980
265 806 6981
4059 6913 6982
6937 6494 6983
4634 2315 6984
105 353 6985
413 461 6986
258 5352 6987
492 687 6988
893 5402 6989
66 452 6990
332 952 6991
261 5802 6992
70 302 6993
75 4817 6994
112 114 6995
6917 307 6996
335 917 6997
4583 2344 6998
117 5812 6999
970 334 7000
115 775 7001
70 111 7002
3159 263 7003
619 3299 7004
4414 115 7005
1439 116 7006
273 1100 7007
504 3868 7008
6862 6678 7009
2669 2716 7010
121 314 7011
619 5270 7012
49 48 7013
385 823 7014
721 1831 7015
6489 1648 7016
117 4452 7017
373 700 7018
621 6782 7019
6575 1883 7020
105 5688 7021
268 670 7022
69 119 7023
1170 2615 7024
521 933 7025
5144 115 7026
268 1912 7027
111 1527 7028
32 984 7029
639 114 7030
1792 2605 7031
4431 395 7032
261 566 7033
6910 657 7034
660 115 7035
32 3274 7036
258 513 7037
412 5919 7038
5540 1010 7039
99 108 7040
897 7039 7041
6922 101 7042
259 4631 7043
4825 263 7044
527 2438 7045
84 114 7046
1179 395 7047
3600 115 7048
3335 5921 7049
6486 4808 7050
1463 2658 7051
286 1552 7052
5515 550 7053
1605 115 7054
1149 518 7055
961 2001 7056
782 116 7057
355 6782 7058
72 97 7059
74 1399 7060
1398 115 7061
105 5217 7062
2714 3501 7063
390 5001 7064
5697 6176 7065
372 4931 7066
1622 115 7067
276 311 7068
4494 6167 7069
45 45 7070
66 3767 7071
298 99 7072
99 6588 7073
290 350 7074
1224 907 7075
987 845 7076
70 267 7077
919 1599 7078
1099 288 7079
840 2453 7080
4028 472 7081
706 6794 7082
6104 263 7083
110 101 7084
259 2287 7085
3939 115 7086
117 5073 7087
3110 7014 7088
273 781 7089
1312 1629 7090
5958 719 7091
1185 2605 7092
2391 288 7093
1646 294 7094
290 4939 7095
609 7094 7096
6364 4290 7097
1030 560 7098
390 5062 7099
372 1533 7100
32 6694 7101
7057 1864 7102
731 537 7103
4816 2540 7104
1170 6713 7105
3365 2190 7106
5987 4652 7107
789 277 7108
268 666 7109
1723 781 7110
283 674 7111
3587 105 7112
108 5914 7113
2087 1939 7114
7097 850 7115
45 1119 7116
621 6346 7117
32 6984 7118
7112 6380 7119
7022 6811 7120
286 1056 7121
1630 1866 7122
277 4631 7123
860 277 7124
294 764 7125
310 2158 7126
279 326 7127
268 5062 7128
1210 4060 7129
462 3663 7130
4560 314 7131
6862 270 7132
413 6026 7133
89 628 7134
1304 2572 7135
261 5265 7136
276 1409 7137
2073 482 7138
6870 1251 7139
109 5297 7140
505 933 7141
2961 121 7142
279 3594 7143
744 2362 7144
413 1189 7145
1663 458 7146
32 4909 7147
609 6687 7148
394 100 7149
1149 6716 7150
2955 263 7151
508 1587 7152
2042 1251 7153
34 2508 7154
280 1469 7155
272 2796 7156
1891 1065 7157
332 7126 7158
5506 287 7159
444 6472 7160
3585 3006 7161
5101 1866 7162
6219 115 7163
2131 482 7164
386 395 7165
428 503 7166
4822 105 7167
261 2773 7168
3589 110 7169
1942 1555 7170
6198 307 7171
6567 1090 7172
3763 288 7173
6527 115 7174
3111 314 7175
609 7121 7176
7176 473 7177
1590 1710 7178
363 518 7179
1655 5977 7180
4494 318 7181
303 105 7182
412 6480 7183
4118 263 7184
6005 756 7185
6718 5795 7186
83 4154 7187
445 3087 7188
3715 395 7189
1627 115 7190
859 427 7191
3512 121 7192
119 107 7193
3164 115 7194
1328 847 7195
676 545 7196
295 3575 7197
2695 288 7198
34 5116 7199
3323 6938 7200
3532 6227 7201
7143 7140 7202
32 786 7203
588 5668 7204
1077 397 7205
275 2272 7206
1835 1996 7207
312 1350 7208
3549 288 7209
295 814 7210
32 5783 7211
681 2842 7212
276 4719 7213
682 97 7214
1603 6111 7215
65 110 7216
3495 115 7217
5117 620 7218
346 1982 7219
6780 769 7220
510 5617 7221
5080 288 7222
6728 657 7223
1781 5907 7224
1013 1358 7225
45 1342 7226
80 101 7227
286 1358 7228
121 6000 7229
45 7229 7230
819 6052 7231
1226 6631 7232
2250 349 7233
84 403 7234
72 633 7235
102 395 7236
355 470 7237
506 2025 7238
1096 677 7239
355 4076 7240
1385 5812 7241
5651 121 7242
2230 115 7243
2420 545 7244
676 1323 7245
101 4808 7246
359 542 7247
1658 408 7248
2078 115 7249
4904 5812 7250
857 784 7251
6848 533 7252
7188 5323 7253
6840 1692 7254
5964 2052 7255
4467 5077 7256
4791 1718 7257
66 121 7258
32 5356 7259
6302 764 7260
275 1429 7261
807 2057 7262
1863 115 7263
34 86 7264
6932 4647 7265
4112 7248 7266
6349 2842 7267
508 294 7268
401 2236 7269
1751 6533 7270
3472 1409 7271
621 7269 7272
4986 10 7273
276 952 7274
881 1395 7275
305 3742 7276
857 732 7277
1977 943 7278
2599 687 7279
2005 2272 7280
97 1323 7281
34 2465 7282
753 288 7283
1167 1190 7284
32 5512 7285
332 6360 7286
2669 286 7287
1432 6520 7288
265 7281 7289
1964 2041 7290
308 3270 7291
1224 1465 7292
5466 957 7293
2210 3868 7294
893 6485 7295
3751 1001 7296
77 1205 7297
6614 395 7298
297 7193 7299
1281 1434 7300
4025 2010 7301
266 1844 7302
119 2409 7303
3427 1595 7304
7203 2035 7305
857 3412 7306
961 6833 7307
280 5062 7308
78 3183 7309
280 1355 7310
1588 115 7311
3344 115 7312
3825 263 7313
6173 3756 7314
2757 5001 7315
83 117 7316
279 3177 7317
811 865 7318
840 6124 7319
2350 5956 7320
989 2658 7321
66 420 7322
332 6999 7323
2429 4624 7324
1897 3275 7325
118 681 7326
607 613 7327
5035 97 7328
5532 311 7329
34 2491 7330
351 725 7331
739 3770 7332
1546 6612 7333
6256 395 7334
6820 957 7335
116 256 7336
257 1608 7337
34 6229 7338
3497 3294 7339
68 1651 7340
356 1646 7341
1606 482 7342
1238 7236 7343
7161 288 7344
3580 356 7345
2622 263 7346
1045 1687 7347
1386 1859 7348
298 373 7349
857 3316 7350
1274 687 7351
2991 288 7352
111 659 7353
1456 115 7354
753 6850 7355
261 1213 7356
4918 307 7357
102 719 7358
2728 7028 7359
371 118 7360
632 933 7361
2674 395 7362
272 5482 7363
114 1527 7364
2078 288 7365
7152 1143 7366
332 391 7367
1378 6294 7368
2460 6782 7369
105 1256 7370
108 2605 7371
462 293 7372
773 111 7373
2571 395 7374
4162 1371 7375
280 2083 7376
5758 277 7377
2382 863 7378
1252 3608 7379
87 104 7380
4579 789 7381
2009 1996 7382
1672 5089 7383
2005 4312 7384
4242 288 7385
3576 1434 7386
1277 391 7387
4408 957 7388
1224 868 7389
87 6712 7390
705 775 7391
284 5540 7392
3909 541 7393
3669 263 7394
588 2219 7395
87 2773 7396
1176 277 7397
66 114 7398
99 431 7399
1300 542 7400
114 5352 7401
5522 7001 7402
259 3143 7403
870 1996 7404
66 311 7405
578 99 7406
2669 285 7407
5790 558 7408
279 7281 7409
7403 652 7410
300 7303 7411
98 2498 7412
629 1302 7413
98 319 7414
110 320 7415
101 408 7416
869 6690 7417
4200 7341 7418
761 6777 7419
1135 604 7420
1223 6631 7421
84 119 7422
371 1466 7423
1385 352 7424
1603 286 7425
361 3543 7426
259 300 7427
372 6203 7428
396 314 7429
290 7353 7430
464 1342 7431
1631 549 7432
295 458 7433
102 1761 7434
275 7123 7435
283 431 7436
516 566 7437
261 6657 7438
77 4021 7439
5332 103 7440
295 485 7441
279 1721 7442
462 1268 7443
508 1793 7444
919 1624 7445
6865 5871 7446
98 984 7447
578 2025 7448
989 6294 7449
261 1283 7450
6719 7208 7451
3371 558 7452
45 115 7453
2876 7447 7454
361 1514 7455
7338 286 7456
3159 115 7457
3281 288 7458
84 2567 7459
117 6643 7460
3488 2055 7461
618 1553 7462
2898 314 7463
89 980 7464
721 322 7465
585 938 7466
259 756 7467
607 560 7468
5474 558 7469
1250 3998 7470
694 7062 7471
1214 604 7472
585 2219 7473
5942 812 7474
7466 7032 7475
7202 115 7476
65 104 7477
32 3645 7478
5830 812 7479
99 97 7480
99 392 7481
105 1908 7482
3089 5907 7483
111 338 7484
827 121 7485
372 6324 7486
114 2540 7487
985 114 7488
1689 430 7489
112 1110 7490
1136 6052 7491
2382 2819 7492
296 549 7493
265 2344 7494
857 3963 7495
632 4145 7496
5507 518 7497
682 1629 7498
1999 7087 7499
75 301 7500
1184 5270 7501
3051 1556 7502
390 560 7503
4692 115 7504
857 2040 7505
314 6240 7506
334 376 7507
846 5239 7508
1136 6927 7509
98 7413 7510
462 3729 7511
297 2498 7512
694 1761 7513
6867 5886 7514
275 6907 7515
34 837 7516
257 871 7517
102 670 7518
1483 277 7519
1821 288 7520
2728 637 7521
279 751 7522
3072 2190 7523
4745 263 7524
79 458 7525
77 356 7526
97 5753 7527
4335 828 7528
823 97 7529
280 400 7530
68 5066 7531
258 3020 7532
588 105 7533
7002 1102 7534
295 3197 7535
34 67 7536
694 7228 7537
4634 518 7538
69 740 7539
2114 1001 7540
117 868 7541
1093 395 7542
280 5901 7543
5736 108 7544
284 5569 7545
859 256 7546
68 3420 7547
1017 119 7548
1943 1888 7549
405 2119 7550
6617 5077 7551
5527 277 7552
412 647 7553
413 373 7554
109 2785 7555
97 2540 7556
5256 288 7557
5297 2315 7558
257 289 7559
295 6275 7560
968 463 7561
7321 3387 7562
501 4567 7563
3323 671 7564
4162 1607 7565
317 106 7566
1701 6691 7567
298 6908 7568
532 6999 7569
275 511 7570
390 326 7571
3110 100 7572
258 4808 7573
325 494 7574
34 6534 7575
371 882 7576
439 7527 7577
532 117 7578
4701 115 7579
300 1909 7580
6291 984 7581
111 5089 7582
308 7558 7583
827 558 7584
1695 6631 7585
34 1829 7586
1828 7510 7587
32 5878 7588
632 1975 7589
6953 727 7590
412 6467 7591
274 7556 7592
74 3177 7593
739 4060 7594
105 6766 7595
3327 602 7596
5034 6124 7597
32 3413 7598
1184 1996 7599
3844 2897 7600
34 7477 7601
280 1268 7602
2923 115 7603
101 364 7604
1232 115 7605
105 2094 7606
7360 289 7607
351 2532 7608
681 4177 7609
283 4797 7610
291 1527 7611
1029 6666 7612
343 267 7613
97 7001 7614
2858 121 7615
2858 288 7616
32 3412 7617
4642 1143 7618
4780 306 7619
970 3195 7620
257 628 7621
6470 4312 7622
5803 10 7623
530 7125 7624
2275 957 7625
544 44 7626
4226 115 7627
811 3868 7628
3909 105 7629
5516 939 7630
5810 2831 7631
7441 1001 7632
32 3051 7633
2423 288 7634
268 7502 7635
412 6894 7636
944 1065 7637
4028 486 7638
259 1660 7639
4989 556 7640
6644 302 7641
531 845 7642
7639 408 7643
257 2540 7644
2314 433 7645
5070 4875 7646
3376 7371 7647
3633 288 7648
4622 263 7649
6368 115 7650
954 5265 7651
1170 6835 7652
276 7506 7653
4111 613 7654
5898 6759 7655
265 1982 7656
97 5473 7657
857 2488 7658
3264 1190 7659
3327 293 7660
4146 288 7661
100 97 7662
3170 687 7663
7512 943 7664
2460 1796 7665
6883 267 7666
98 7011 7667
108 855 7668
3737 263 7669
390 847 7670
4280 5058 7671
976 277 7672
1682 1636 7673
2942 7484 7674
600 7667 7675
402 2067 7676
945 1660 7677
274 4888 7678
84 263 7679
3407 7214 7680
4494 4857 7681
857 2450 7682
1170 285 7683
2396 1599 7684
7187 340 7685
335 6717 7686
897 885 7687
308 1357 7688
332 1290 7689
287 2010 7690
280 7582 7691
1456 116 7692
2901 4262 7693
3200 1001 7694
6500 5014 7695
1822 7238 7696
6269 5512 7697
272 7609 7698
373 2024 7699
100 5753 7700
440 7480 7701
102 400 7702
277 107 7703
739 3341 7704
1678 121 7705
2991 115 7706
79 114 7707
101 907 7708
34 6166 7709
738 288 7710
272 3301 7711
7051 1283 7712
341 871 7713
259 2125 7714
1252 560 7715
566 478 7716
1452 1973 7717
7664 277 7718
6291 303 7719
308 1322 7720
6724 115 7721
5964 764 7722
7666 6111 7723
275 4958 7724
897 1268 7725
105 364 7726
7478 533 7727
405 550 7728
809 604 7729
2291 118 7730
32 2025 7731
2395 288 7732
2698 1411 7733
694 7017 7734
857 2508 7735
2519 6755 7736
32 5889 7737
1042 3330 7738
7132 5029 7739
634 3310 7740
99 1552 7741
610 7690 7742
2340 463 7743
3323 112 7744
34 2011 7745
259 271 7746
303 5473 7747
97 1703 7748
3153 957 7749
581 7702 7750
4579 3899 7751
1746 611 7752
3225 115 7753
66 326 7754
585 518 7755
4467 386 7756
819 817 7757
1013 350 7758
3110 5317 7759
80 3259 7760
4453 115 7761
369 6977 7762
72 5612 7763
5068 395 7764
272 5626 7765
104 289 7766
114 558 7767
32 88 7768
2115 3059 7769
97 1941 7770
7572 1992 7771
893 1825 7772
295 105 7773
303 398 7774
2005 7774 7775
295 7614 7776
474 2963 7777
1546 6626 7778
4670 1708 7779
996 1859 7780
6779 115 7781
257 286 7782
3171 5512 7783
99 386 7784
7392 613 7785
364 558 7786
2022 286 7787
266 3109 7788
4494 7073 7789
276 2587 7790
6557 1208 7791
7790 550 7792
34 70 7793
4569 5270 7794
34 71 7795
102 1290 7796
257 1791 7797
3881 288 7798
2749 5270 7799
5920 2590 7800
274 386 7801
65 5699 7802
607 1791 7803
857 2121 7804
2400 7781 7805
119 1693 7806
4134 4128 7807
108 814 7808
546 4625 7809
3639 452 7810
1219 5352 7811
5403 115 7812
4569 6668 7813
6501 267 7814
390 3770 7815
989 6108 7816
2259 263 7817
3123 7741 7818
3909 6128 7819
74 5496 7820
115 1691 7821
2883 943 7822
5140 1908 7823
866 5384 7824
1634 1065 7825
3067 964 7826
6584 395 7827
109 1143 7828
2388 2785 7829
2445 478 7830
1533 1629 7831
32 5184 7832
1087 115 7833
1170 3239 7834
5439 4385 7835
3633 2110 7836
109 115 7837
7515 1607 7838
336 109 7839
100 5512 7840
117 3839 7841
6987 3109 7842
1686 812 7843
5332 1117 7844
7145 3034 7845
1262 5062 7846
7337 1100 7847
7554 575 7848
504 7700 7849
7161 3593 7850
873 687 7851
32 3048 7852
831 3059 7853
676 7713 7854
413 1542 7855
3753 7434 7856
810 97 7857
3601 115 7858
1203 2821 7859
501 7703 7860
1052 7611 7861
7782 536 7862
326 6588 7863
838 6886 7864
1612 340 7865
1630 115 7866
3485 596 7867
119 256 7868
1205 97 7869
6533 751 7870
1182 1342 7871
7545 687 7872
3131 5114 7873
3982 115 7874
1595 7662 7875
1042 2614 7876
669 952 7877
3003 288 7878
45 6430 7879
325 364 7880
493 2819 7881
6173 670 7882
294 6884 7883
2086 6826 7884
464 1157 7885
83 3588 7886
729 307 7887
7046 657 7888
7880 2125 7889
941 4920 7890
6952 957 7891
1391 288 7892
1977 2286 7893
114 287 7894
279 485 7895
7800 6869 7896
276 602 7897
105 1624 7898
694 7637 7899
310 4154 7900
609 4798 7901
6792 116 7902
609 994 7903
5310 115 7904
3773 288 7905
886 2079 7906
4114 1595 7907
701 2079 7908
869 318 7909
2461 5482 7910
3344 288 7911
290 6000 7912
471 957 7913
588 719 7914
2145 288 7915
4819 263 7916
32 2040 7917
2353 395 7918
119 101 7919
97 1996 7920
97 1710 7921
74 674 7922
97 5298 7923
613 2842 7924
3282 2190 7925
2587 7900 7926
7590 291 7927
2895 781 7928
2942 503 7929
464 648 7930
1170 470 7931
5153 288 7932
335 5276 7933
448 845 7934
462 871 7935
45 112 7936
1940 550 7937
3379 4564 7938
552 7487 7939
4340 3310 7940
4739 288 7941
102 3048 7942
2766 115 7943
4292 2683 7944
510 6128 7945
1470 115 7946
4248 263 7947
6190 688 7948
7938 2591 7949
80 2867 7950
1985 115 7951
4397 5427 7952
77 293 7953
280 628 7954
283 425 7955
4950 1371 7956
5539 115 7957
2094 3330 7958
811 7487 7959
278 490 7960
1638 314 7961
848 727 7962
1017 4855 7963
112 294 7964
259 1497 7965
6986 398 7966
2387 4647 7967
66 1178 7968
268 326 7969
1846 115 7970
2412 2467 7971
114 1864 7972
266 3789 7973
328 486 7974
266 2188 7975
464 865 7976
6679 1555 7977
1096 7040 7978
266 1757 7979
267 1100 7980
32 2772 7981
118 1514 7982
1773 7236 7983
3569 121 7984
4884 1001 7985
119 688 7986
119 601 7987
1861 3059 7988
276 7606 7989
2454 812 7990
276 759 7991
105 1088 7992
117 3974 7993
3862 613 7994
77 5919 7995
530 620 7996
6807 263 7997
98 586 7998
257 2951 7999
368 727 8000
527 2738 8001
105 3229 8002
6825 1127 8003
3231 5361 8004
6683 115 8005
6236 314 8006
857 377 8007
676 4734 8008
1173 395 8009
3273 1020 8010
7773 5402 8011
298 8003 8012
747 7958 8013
874 7358 8014
530 289 8015
97 6985 8016
721 613 8017
561 1607 8018
2231 115 8019
1136 3087 8020
4481 1065 8021
619 5934 8022
75 101 8023
259 7784 8024
6097 408 8025
39 292 8026
857 2347 8027
5522 4833 8028
989 615 8029
2866 7411 8030
4304 112 8031
5390 288 8032
578 594 8033
1546 6297 8034
4240 288 8035
66 2106 8036
822 992 8037
68 1767 8038
2322 997 8039
2850 687 8040
1663 576 8041
3618 4204 8042
2270 1100 8043
7449 1371 8044
639 2862 8045
4634 420 8046
74 1014 8047
97 318 8048
1856 656 8049
7659 1143 8050
807 1268 8051
439 5062 8052
82 4955 8053
332 4624 8054
970 294 8055
5256 263 8056
259 452 8057
2278 687 8058
8042 1908 8059
5293 7487 8060
698 7212 8061
1503 263 8062
4794 288 8063
807 349 8064
3028 494 8065
1958 2067 8066
5856 2161 8067
7559 1100 8068
45 2187 8069
335 1793 8070
2917 687 8071
439 3868 8072
474 385 8073
817 4501 8074
703 5062 8075
7203 5473 8076
6940 1014 8077
84 431 8078
112 2161 8079
339 2605 8080
462 7863 8081
257 2047 8082
1822 111 8083
3677 2064 8084
97 740 8085
639 628 8086
639 2055 8087
265 545 8088
302 1624 8089
3700 7007 8090
1253 121 8091
3958 270 8092
101 4213 8093
117 364 8094
258 301 8095
303 6430 8096
694 7339 8097
3435 115 8098
2757 334 8099
6549 4420 8100
7606 1444 8101
5677 115 8102
7830 952 8103
89 6227 8104
5410 288 8105
7981 1469 8106
2992 1001 8107
2945 334 8108
6767 288 8109
1093 604 8110
639 7506 8111
724 6782 8112
755 1465 8113
4114 2186 8114
4357 314 8115
279 7108 8116
328 1040 8117
2342 7326 8118
857 4047 8119
402 2940 8120
836 1580 8121
1644 1866 8122
2749 7837 8123
4015 115 8124
743 3010 8125
290 656 8126
822 558 8127
308 1700 8128
501 1797 8129
272 1268 8130
800 7484 8131
332 267 8132
6134 558 8133
372 6852 8134
257 3197 8135
6562 1646 8136
269 2079 8137
6762 687 8138
7433 3868 8139
117 7001 8140
585 810 8141
621 111 8142
390 401 8143
3062 687 8144
32 1040 8145
7816 1555 8146
6074 115 8147
8142 7113 8148
443 7920 8149
3327 6297 8150
1176 288 8151
739 2236 8152
7978 567 8153
276 310 8154
2877 2057 8155
302 473 8156
364 1700 8157
372 320 8158
8136 689 8159
7177 115 8160
289 5300 8161
548 6666 8162
34 6823 8163
6323 687 8164
65 109 8165
857 2202 8166
67 5624 8167
82 4477 8168
2389 992 8169
8112 102 8170
3110 7796 8171
97 1909 8172
7758 302 8173
2866 320 8174
2334 2152 8175
6306 395 8176
600 871 8177
3066 288 8178
4135 7179 8179
721 602 8180
1921 604 8181
4796 288 8182
5326 633 8183
5774 115 8184
109 871 8185
114 604 8186
5831 7806 8187
1170 1646 8188
1811 2125 8189
848 868 8190
5459 288 8191
114 2572 8192
3286 5312 8193
45 119 8194
653 556 8195
3745 263 8196
308 2482 8197
1836 8190 8198
8099 3622 8199
564 542 8200
669 293 8201
1252 4060 8202
266 271 8203
298 7462 8204
3889 115 8205
5768 6108 8206
8203 615 8207
2086 718 8208
335 401 8209
272 1693 8210
34 4690 8211
8103 1371 8212
114 330 8213
412 1335 8214
2335 115 8215
7773 1825 8216
7588 307 8217
632 2272 8218
1240 1866 8219
7280 263 8220
7646 6516 8221
298 119 8222
7216 7084 8223
259 2602 8224
415 5939 8225
6604 263 8226
1953 1527 8227
370 337 8228
3052 719 8229
3989 115 8230
619 865 8231
3499 288 8232
5371 707 8233
5651 558 8234
5568 263 8235
3597 871 8236
8201 6923 8237
32 1065 8238
317 473 8239
448 3742 8240
3752 1868 8241
99 558 8242
332 1411 8243
332 5901 8244
2256 7837 8245
2521 1371 8246
412 2614 8247
516 6678 8248
609 2393 8249
2659 7555 8250
1812 391 8251
259 1469 8252
819 433 8253
1644 115 8254
259 6788 8255
267 5473 8256
76 5797 8257
462 121 8258
857 4092 8259
4001 6530 8260
259 3270 8261
453 542 8262
2858 115 8263
7730 718 8264
2212 7701 8265
121 108 8266
1915 5047 8267
2018 2143 8268
109 2362 8269
300 7662 8270
7060 558 8271
105 6457 8272
439 99 8273
4918 395 8274
445 2438 8275
32 884 8276
2552 115 8277
5439 673 8278
34 4909 8279
7548 427 8280
332 1587 8281
332 6813 8282
6711 307 8283
104 459 8284
588 781 8285
1834 957 8286
67 286 8287
97 909 8288
1129 604 8289
32 468 8290
2314 2362 8291
74 101 8292
279 7018 8293
266 2272 8294
1811 104 8295
4791 2972 8296
390 6846 8297
1145 300 8298
4828 4776 8299
7437 277 8300
291 1611 8301
968 7998 8302
5470 115 8303
2151 2556 8304
412 6968 8305
609 1503 8306
103 470 8307
111 99 8308
326 556 8309
530 326 8310
34 5206 8311
99 486 8312
1435 6936 8313
3276 1143 8314
3742 707 8315
621 7556 8316
105 1469 8317
5790 1527 8318
389 1143 8319
510 8317 8320
2250 556 8321
1385 2241 8322
6005 1337 8323
8065 386 8324
480 641 8325
545 545 8326
6947 8269 8327
8039 5173 8328
67 5802 8329
105 4295 8330
603 1660 8331
1759 5753 8332
475 688 8333
588 806 8334
5781 7170 8335
494 8185 8336
1052 8093 8337
4691 263 8338
333 8048 8339
838 300 8340
1546 2518 8341
332 2236 8342
105 1996 8343
621 6874 8344
1226 1024 8345
108 992 8346
4442 314 8347
6269 764 8348
257 5001 8349
283 2532 8350
363 1693 8351
65 648 8352
98 6386 8353
676 3868 8354
1646 6957 8355
4389 288 8356
621 656 8357
2669 2173 8358
6682 648 8359
7560 957 8360
275 1434 8361
7755 395 8362
97 705 8363
2658 5921 8364
6197 263 8365
335 2106 8366
607 3770 8367
2669 300 8368
3555 2540 8369
589 868 8370
1998 6788 8371
1835 1465 8372
572 314 8373
98 1533 8374
921 1040 8375
1684 115 8376
7149 707 8377
881 6846 8378
332 7920 8379
2133 5270 8380
74 6324 8381
2147 1001 8382
415 514 8383
5729 1710 8384
1175 5062 8385
114 729 8386
889 1305 8387
4055 812 8388
961 5886 8389
108 111 8390
121 100 8391
333 2897 8392
390 3310 8393
7373 6884 8394
2661 7073 8395
6730 1414 8396
493 4712 8397
3852 781 8398
4105 115 8399
2933 391 8400
3673 687 8401
3444 263 8402
4803 115 8403
1659 307 8404
6762 277 8405
1052 4729 8406
2545 5171 8407
4247 300 8408
276 5323 8409
4458 3059 8410
108 1743 8411
1340 1379 8412
8145 7837 8413
111 302 8414
2367 8089 8415
268 1414 8416
2515 121 8417
257 8336 8418
8366 8355 8419
2382 5361 8420
746 5073 8421
5526 1629 8422
7406 1010 8423
464 114 8424
7715 263 8425
268 8085 8426
355 433 8427
501 5956 8428
5975 288 8429
101 4729 8430
4431 427 8431
32 6288 8432
6245 2447 8433
45 6650 8434
3589 648 8435
4206 643 8436
4728 764 8437
7367 814 8438
334 727 8439
2333 8346 8440
7115 115 8441
83 7508 8442
298 107 8443
773 302 8444
2537 116 8445
66 3789 8446
8268 871 8447
578 825 8448
108 302 8449
117 481 8450
108 116 8451
326 1342 8452
5445 307 8453
276 6000 8454
1328 8430 8455
65 1941 8456
310 385 8457
2389 2540 8458
840 1465 8459
7206 4030 8460
8207 311 8461
372 8096 8462
8295 718 8463
32 452 8464
108 604 8465
508 8450 8466
4004 288 8467
4637 115 8468
32 7234 8469
857 1697 8470
286 1097 8471
1736 7399 8472
970 8414 8473
4397 326 8474
372 356 8475
3493 4567 8476
257 267 8477
273 97 8478
298 2047 8479
658 1001 8480
5509 1100 8481
6434 395 8482
45 100 8483
79 319 8484
82 938 8485
7422 111 8486
34 78 8487
2395 115 8488
114 1719 8489
117 5217 8490
121 4647 8491
8490 8411 8492
112 273 8493
970 7766 8494
4316 115 8495
895 604 8496
275 3087 8497
619 7840 8498
6350 814 8499
2415 1939 8500
4336 779 8501
6540 1864 8502
2698 277 8503
1240 7920 8504
3709 115 8505
8460 302 8506
2548 542 8507
800 494 8508
4933 110 8509
34 75 8510
278 8085 8511
45 104 8512
82 263 8513
2942 482 8514
987 286 8515
7264 1514 8516
86 3127 8517
355 3457 8518
1546 285 8519
6229 4857 8520
6995 289 8521
283 7507 8522
2288 8364 8523
7012 558 8524
508 350 8525
1452 905 8526
859 2324 8527
291 5077 8528
291 3962 8529
724 5482 8530
761 3069 8531
306 613 8532
1136 939 8533
7731 8489 8534
553 542 8535
3547 263 8536
572 1554 8537
640 727 8538
2033 115 8539
5842 2010 8540
4494 1340 8541
7012 97 8542
66 1767 8543
101 1409 8544
272 8016 8545
5290 2897 8546
300 1555 8547
621 5297 8548
5673 300 8549
6679 2001 8550
1812 5901 8551
333 933 8552
734 2324 8553
3362 8532 8554
111 2738 8555
5347 277 8556
32 6670 8557
75 6626 8558
405 2748 8559
2150 288 8560
910 1143 8561
7786 340 8562
293 718 8563
114 820 8564
119 1313 8565
290 401 8566
464 5934 8567
439 2241 8568
784 727 8569
4075 6308 8570
464 7875 8571
259 2605 8572
7327 486 8573
390 8156 8574
474 1587 8575
857 5048 8576
4494 1040 8577
8466 1015 8578
607 5939 8579
99 1362 8580
873 2241 8581
4991 1434 8582
1400 385 8583
271 4755 8584
886 1001 8585
257 8544 8586
2077 2001 8587
1096 2094 8588
302 556 8589
703 3839 8590
2622 115 8591
844 5655 8592
1883 3410 8593
7191 1941 8594
7239 1607 8595
280 4041 8596
317 1939 8597
66 356 8598
77 471 8599
669 2951 8600
881 630 8601
2004 687 8602
1812 7887 8603
45 2014 8604
1149 1660 8605
1194 115 8606
2757 2216 8607
548 342 8608
2366 7926 8609
5540 8528 8610
63 487 8611
956 542 8612
2728 3568 8613
3163 7726 8614
4123 353 8615
7784 114 8616
293 1866 8617
298 7924 8618
989 118 8619
34 4089 8620
857 2574 8621
8585 6957 8622
84 994 8623
579 1624 8624
105 812 8625
989 8616 8626
2523 288 8627
4702 288 8628
5223 8301 8629
593 115 8630
731 5654 8631
2342 812 8632
71 311 8633
544 194 8634
8526 3566 8635
268 1205 8636
8619 3588 8637
674 781 8638
859 307 8639
860 115 8640
873 1607 8641
32 4972 8642
105 352 8643
108 687 8644
1086 7412 8645
428 2241 8646
2743 115 8647
258 7303 8648
3609 2438 8649
307 1925 8650
315 5914 8651
1149 7580 8652
4081 775 8653
4095 112 8654
4639 115 8655
6091 718 8656
1644 302 8657
3677 8079 8658
8634 166 8659
298 285 8660
1617 1065 8661
2533 7837 8662
118 121 8663
897 4920 8664
8049 828 8665
300 2001 8666
2933 288 8667
2969 8593 8668
8654 8471 8669
632 560 8670
1904 277 8671
290 326 8672
1185 4712 8673
4553 1469 8674
2366 518 8675
6549 3229 8676
7442 288 8677
2935 121 8678
279 1073 8679
8575 307 8680
266 1213 8681
80 4041 8682
284 549 8683
464 3294 8684
1245 1902 8685
2124 3410 8686
6617 386 8687
266 8101 8688
34 5570 8689
76 5668 8690
295 6825 8691
6644 666 8692
585 4432 8693
361 100 8694
588 2614 8695
279 1056 8696
34 2995 8697
5459 115 8698
67 111 8699
74 303 8700
114 518 8701
1244 687 8702
261 5482 8703
3816 5298 8704
118 408 8705
2728 5288 8706
69 594 8707
405 273 8708
368 542 8709
1586 300 8710
34 7538 8711
372 1659 8712
619 3566 8713
1812 1659 8714
795 687 8715
1170 8492 8716
607 518 8717
2202 3962 8718
2377 303 8719
3153 2125 8720
360 513 8721
276 929 8722
274 301 8723
283 3177 8724
607 952 8725
694 8091 8726
7226 5001 8727
8125 7699 8728
356 8431 8729
1836 6923 8730
8444 1371 8731
72 1357 8732
317 843 8733
336 4452 8734
4569 1629 8735
7431 5688 8736
65 2090 8737
320 288 8738
1926 3645 8739
8029 1143 8740
1017 8390 8741
7278 781 8742
294 5753 8743
7549 263 8744
77 303 8745
45 108 8746
32 4039 8747
356 1705 8748
259 1397 8749
532 430 8750
995 4432 8751
1042 978 8752
1454 1065 8753
3478 277 8754
5770 435 8755
755 848 8756
607 8738 8757
8756 871 8758
272 311 8759
1017 1097 8760
7347 957 8761
724 8117 8762
3145 5270 8763
2436 8465 8764
7660 687 8765
368 8185 8766
530 8108 8767
5614 558 8768
607 929 8769
3305 3310 8770
464 353 8771
3581 6360 8772
536 478 8773
588 97 8774
3892 115 8775
6731 495 8776
7398 560 8777
76 810 8778
412 7716 8779
970 7391 8780
5322 602 8781
34 1505 8782
266 8555 8783
363 114 8784
290 8450 8785
2907 395 8786
694 364 8787
45 7982 8788
7989 8584 8789
4123 1040 8790
4901 115 8791
298 2432 8792
621 6193 8793
111 318 8794
34 6301 8795
402 5835 8796
7868 108 8797
501 952 8798
1586 2790 8799
7855 1797 8800
277 103 8801
5509 1065 8802
257 3770 8803
271 700 8804
8685 2064 8805
1518 1554 8806
1802 314 8807
881 8319 8808
4693 288 8809
524 3543 8810
2382 267 8811
66 117 8812
106 604 8813
305 759 8814
656 4631 8815
761 8797 8816
1017 1191 8817
2186 115 8818
3428 2044 8819
478 751 8820
661 6516 8821
639 101 8822
280 6502 8823
6807 288 8824
111 1055 8825
279 8062 8826
2669 602 8827
5310 288 8828
7068 7951 8829
74 6137 8830
412 778 8831
1081 1097 8832
800 3770 8833
7316 1287 8834
8310 395 8835
267 6430 8836
34 68 8837
480 994 8838
8819 688 8839
6371 303 8840
66 6275 8841
272 2272 8842
4854 6884 8843
402 1473 8844
412 431 8845
873 293 8846
4482 270 8847
5898 863 8848
34 2299 8849
34 8174 8850
8566 506 8851
105 473 8852
561 613 8853
2994 277 8854
298 101 8855
2941 288 8856
4584 115 8857
4726 594 8858
394 122 8859
1103 395 8860
98 117 8861
2291 1411 8862
2728 420 8863
3718 288 8864
8710 781 8865
2267 1305 8866
2706 687 8867
7839 4581 8868
1612 556 8869
3506 108 8870
3953 320 8871
6711 7857 8872
111 450 8873
363 737 8874
744 871 8875
3497 2103 8876
5622 3588 8877
8055 8157 8878
99 8729 8879
530 1687 8880
859 114 8881
859 7460 8882
280 4474 8883
70 423 8884
335 458 8885
272 6520 8886
1999 677 8887
5867 8229 8888
7111 97 8889
651 4835 8890
1149 6675 8891
402 3521 8892
8691 408 8893
480 6026 8894
6127 115 8895
8023 602 8896
281 913 8897
3524 1001 8898
8853 3034 8899
75 5698 8900
396 4972 8901
6290 4857 8902
105 1251 8903
448 1681 8904
258 2110 8905
811 6485 8906
1149 537 8907
5444 285 8908
8241 681 8909
4017 1595 8910
4579 5795 8911
4930 6530 8912
745 293 8913
71 2614 8914
5445 1001 8915
369 7974 8916
364 5267 8917
2525 2796 8918
98 458 8919
390 5297 8920
115 2930 8921
464 8610 8922
5536 7529 8923
6380 814 8924
1226 2241 8925
328 3988 8926
4115 115 8927
3685 5916 8928
275 2602 8929
1342 2000 8930
117 4833 8931
268 4431 8932
2461 613 8933
7380 4120 8934
7885 364 8935
111 307 8936
970 518 8937
2343 4384 8938
6488 115 8939
372 7841 8940
951 7837 8941
4545 687 8942
87 3195 8943
609 452 8944
266 3051 8945
32 6534 8946
6371 373 8947
79 108 8948
592 1692 8949
2460 1648 8950
1009 6052 8951
8218 101 8952
737 427 8953
819 7463 8954
104 8936 8955
2799 7921 8956
3701 882 8957
4968 5023 8958
6940 6539 8959
104 648 8960
1096 118 8961
1272 314 8962
3537 4808 8963
3809 7182 8964
298 312 8965
639 7595 8966
1170 8265 8967
259 6226 8968
5798 7887 8969
5346 8963 8970
274 759 8971
3666 7482 8972
5577 1358 8973
857 4614 8974
1136 7980 8975
5304 1514 8976
316 681 8977
372 7747 8978
944 775 8979
7953 116 8980
70 7831 8981
970 267 8982
3692 288 8983
632 2817 8984
259 1791 8985
501 657 8986
740 312 8987
2538 1305 8988
1822 6307 8989
372 8192 8990
629 306 8991
505 2532 8992
5708 3486 8993
7746 8987 8994
7785 781 8995
1606 1305 8996
7570 472 8997
39 44 8998
71 114 8999
3953 2518 9000
2976 2190 9001
8008 718 9002
412 8529 9003
530 111 9004
76 5744 9005
5410 121 9006
119 503 9007
4054 8818 9008
1726 604 9009
7578 1708 9010
90 1592 9011
301 7828 9012
325 6586 9013
1042 670 9014
4708 115 9015
34 2137 9016
32 756 9017
3989 288 9018
7268 3127 9019
7497 395 9020
8273 408 9021
1720 8430 9022
2689 1629 9023
4971 1660 9024
79 3992 9025
334 289 9026
5987 737 9027
90 3783 9028
1170 5947 9029
1463 121 9030
1663 729 9031
2470 314 9032
6300 1253 9033
4123 5886 9034
413 3252 9035
2210 5073 9036
76 5714 9037
98 756 9038
1118 5077 9039
2712 8312 9040
390 8062 9041
1734 5642 9042
5484 326 9043
32 1425 9044
5340 1719 9045
7196 4875 9046
115 558 9047
298 6588 9048
4360 115 9049
886 656 9050
3558 288 9051
76 2751 9052
354 3868 9053
853 6782 9054
531 933 9055
5673 623 9056
3445 735 9057
266 400 9058
3649 425 9059
289 105 9060
508 320 9061
7405 2025 9062
105 1485 9063
1149 101 9064
332 8738 9065
72 69 9066
98 514 9067
3671 115 9068
7405 775 9069
2252 964 9070
3571 6473 9071
121 307 9072
2669 350 9073
4109 8308 9074
2322 1692 9075
4821 288 9076
9050 310 9077
66 328 9078
706 7165 9079
370 1996 9080
115 4420 9081
8885 764 9082
2094 8457 9083
83 7415 9084
1835 6884 9085
8408 263 9086
72 506 9087
1170 490 9088
3145 2819 9089
3677 4833 9090
970 311 9091
2728 1533 9092
4793 115 9093
7865 957 9094
413 8861 9095
2547 4647 9096
265 341 9097
859 637 9098
914 602 9099
2276 9067 9100
4016 1100 9101
115 1527 9102
1170 1506 9103
66 796 9104
83 5780 9105
105 5345 9106
2180 350 9107
77 6467 9108
283 8491 9109
308 111 9110
280 8002 9111
2804 288 9112
3072 8213 9113
9026 6176 9114
4515 484 9115
405 9045 9116
954 5626 9117
1233 8493 9118
2398 314 9119
3067 121 9120
1892 1465 9121
6300 9114 9122
6763 7556 9123
97 105 9124
3866 623 9125
1884 556 9126
2661 8284 9127
2893 1552 9128
84 637 9129
811 7498 9130
968 6779 9131
1238 7942 9132
3263 3899 9133
109 364 9134
117 764 9135
32 7754 9136
1976 4491 9137
2669 452 9138
2776 7923 9139
104 320 9140
106 420 9141
600 2152 9142
664 391 9143
2539 115 9144
3819 8773 9145
1042 3296 9146
9128 633 9147
45 103 9148
372 674 9149
736 1498 9150
857 65 9151
1056 929 9152
3327 1636 9153
34 5184 9154
8777 558 9155
257 7993 9156
501 319 9157
2384 395 9158
2379 427 9159
2629 115 9160
5488 542 9161
2163 4144 9162
8073 1164 9163
372 6386 9164
596 105 9165
1109 1996 9166
1272 3059 9167
108 735 9168
111 545 9169
275 3059 9170
1328 1859 9171
2314 756 9172
4515 599 9173
6669 7869 9174
114 7541 9175
464 8521 9176
753 9134 9177
4780 5855 9178
8816 1648 9179
32 7886 9180
332 3081 9181
369 542 9182
745 1434 9183
494 6533 9184
274 286 9185
32 8412 9186
739 3197 9187
873 2897 9188
2229 7246 9189
5113 1371 9190
8292 1055 9191
2709 845 9192
1175 9063 9193
6542 10 9194
448 2605 9195
1399 845 9196
2030 363 9197
7095 115 9198
7239 293 9199
274 841 9200
276 271 9201
1746 1859 9202
5304 8917 9203
7566 117 9204
298 3548 9205
2669 7913 9206
7308 478 9207
310 781 9208
2094 286 9209
6470 905 9210
272 554 9211
530 994 9212
859 8815 9213
903 8565 9214
32 2058 9215
3685 1434 9216
805 334 9217
6364 303 9218
9074 9196 9219
361 4625 9220
32 4638 9221
1263 314 9222
4850 288 9223
7435 395 9224
854 1429 9225
107 97 9226
280 6670 9227
412 326 9228
34 5131 9229
259 7246 9230
962 115 9231
1175 8804 9232
9096 2614 9233
3235 735 9234
7704 263 9235
1223 1020 9236
293 775 9237
272 6927 9238
45 6553 9239
372 427 9240
427 8879 9241
2904 775 9242
266 9043 9243
588 8309 9244
1152 395 9245
385 3574 9246
72 2482 9247
1689 1379 9248
4451 6553 9249
76 6178 9250
280 7170 9251
1165 9083 9252
332 3770 9253
721 9152 9254
8170 6520 9255
413 1437 9256
300 1100 9257
1124 288 9258
6202 2324 9259
8445 1908 9260
283 2505 9261
272 652 9262
1755 9038 9263
98 108 9264
478 3821 9265
585 2055 9266
8280 611 9267
1136 7463 9268
2308 1127 9269
32 5947 9270
1667 288 9271
7533 334 9272
8694 751 9273
45 2044 9274
332 420 9275
480 5916 9276
335 4878 9277
275 2700 9278
9017 307 9279
676 1036 9280
332 2532 9281
1214 395 9282
5444 452 9283
34 1920 9284
272 1554 9285
97 5855 9286
32 2450 9287
3235 939 9288
371 9175 9289
5681 115 9290
68 3413 9291
619 8650 9292
1167 3756 9293
1909 5298 9294
32 8474 9295
8120 1143 9296
477 8186 9297
295 1568 9298
305 558 9299
105 4729 9300
530 267 9301
588 490 9302
7757 263 9303
7821 319 9304
44 39 9305
114 494 9306
1030 452 9307
1149 6307 9308
1600 8242 9309
535 764 9310
34 3964 9311
70 629 9312
859 1397 9313
2946 2683 9314
8240 4262 9315
80 319 9316
32 5888 9317
777 542 9318
6656 1580 9319
258 1621 9320
8527 670 9321
298 1193 9322
372 2286 9323
103 2605 9324
117 1466 9325
3854 115 9326
263 478 9327
372 97 9328
632 6827 9329
8352 3543 9330
114 386 9331
857 3456 9332
1029 8813 9333
7316 5951 9334
3498 8351 9335
3771 302 9336
6216 270 9337
1406 364 9338
117 398 9339
290 2785 9340
372 3262 9341
970 277 9342
2689 1001 9343
7566 3034 9344
9177 303 9345
296 2241 9346
2279 871 9347
2634 115 9348
9299 855 9349
5190 1001 9350
101 376 9351
819 3197 9352
76 719 9353
464 8307 9354
114 938 9355
111 1703 9356
34 5444 9357
2070 4647 9358
4845 9141 9359
332 326 9360
1328 119 9361
505 6782 9362
6566 97 9363
7291 558 9364
1571 115 9365
6899 1371 9366
257 681 9367
7060 719 9368
80 952 9369
287 3275 9370
117 1323 9371
82 6835 9372
444 289 9373
755 9351 9374
1938 8955 9375
7206 7089 9376
298 108 9377
2308 1024 9378
3637 1611 9379
4907 115 9380
6872 5073 9381
117 674 9382
259 6781 9383
2621 1371 9384
3953 503 9385
7635 115 9386
32 5753 9387
609 2506 9388
332 1355 9389
8510 6377 9390
66 1533 9391
117 4808 9392
7268 101 9393
402 312 9394
97 1629 9395
4728 7518 9396
67 256 9397
267 909 9398
3251 558 9399
5484 105 9400
66 111 9401
116 601 9402
104 550 9403
278 2190 9404
1649 5473 9405
4589 1434 9406
266 6687 9407
7526 5512 9408
7526 764 9409
97 812 9410
105 786 9411
6906 115 9412
1408 115 9413
3737 288 9414
109 558 9415
116 6024 9416
478 604 9417
111 3034 9418
838 5009 9419
1892 1939 9420
412 814 9421
369 7108 9422
3619 687 9423
9367 9306 9424
9095 823 9425
505 1847 9426
505 6294 9427
5985 115 9428
363 5047 9429
588 2867 9430
8947 8820 9431
115 687 9432
266 613 9433
295 9417 9434
724 7527 9435
7349 2126 9436
354 5073 9437
117 6766 9438
395 110 9439
266 2482 9440
2661 602 9441
4918 1629 9442
9081 924 9443
1852 9443 9444
8635 2024 9445
1004 10 9446
4149 3821 9447
5877 291 9448
8224 1864 9449
274 1994 9450
1905 513 9451
2760 2721 9452
34 7234 9453
276 471 9454
280 8390 9455
501 3087 9456
462 6000 9457
724 8140 9458
1999 9134 9459
3955 7482 9460
103 286 9461
335 373 9462
783 8353 9463
694 395 9464
1013 1648 9465
257 310 9466
270 103 9467
859 503 9468
881 5668 9469
2523 115 9470
4134 9395 9471
585 756 9472
1285 699 9473
5008 115 9474
588 7857 9475
268 658 9476
588 2394 9477
277 9351 9478
7867 2540 9479
8188 97 9480
117 671 9481
8092 957 9482
112 905 9483
493 7831 9484
745 5871 9485
84 9066 9486
639 310 9487
805 4833 9488
77 6480 9489
402 814 9490
3864 6691 9491
4335 5073 9492
6995 8903 9493
1788 8544 9494
1042 2482 9495
275 5062 9496
34 8690 9497
34 1370 9498
412 300 9499
744 6112 9500
32 8517 9501
9218 939 9502
32 7662 9503
4700 6690 9504
5963 778 9505
283 101 9506
283 6000 9507
552 363 9508
32 6699 9509
3399 288 9510
4380 115 9511
5356 7827 9512
444 4144 9513
588 2819 9514
1045 8852 9515
1693 1371 9516
5881 121 9517
8361 7898 9518
290 1514 9519
257 5062 9520
9304 1411 9521
67 293 9522
1512 121 9523
8759 700 9524
34 6611 9525
74 300 9526
325 2896 9527
694 735 9528
1459 5312 9529
1586 567 9530
9124 9047 9531
82 97 9532
266 6203 9533
6792 2556 9534
114 656 9535
2978 9294 9536
45 495 9537
70 8074 9538
78 537 9539
702 604 9540
1017 1757 9541
1275 602 9542
67 7460 9543
105 408 9544
283 918 9545
1304 620 9546
5867 1356 9547
78 518 9548
195 131 9549
34 6017 9550
4530 9395 9551
266 8738 9552
4043 812 9553
8252 1371 9554
857 4909 9555
4009 115 9556
479 118 9557
1736 8412 9558
9200 3767 9559
77 778 9560
98 7052 9561
308 286 9562
2902 9561 9563
3200 1629 9564
3450 450 9565
308 6709 9566
97 2324 9567
721 789 9568
3430 542 9569
3677 602 9570
8675 558 9571
111 2044 9572
1070 115 9573
1203 1362 9574
5165 622 9575
107 277 9576
119 294 9577
283 270 9578
530 613 9579
676 1859 9580
76 5657 9581
412 8979 9582
7244 288 9583
111 363 9584
566 814 9585
869 1268 9586
2436 957 9587
2113 115 9588
261 8583 9589
4354 270 9590
8261 486 9591
402 446 9592
267 648 9593
282 112 9594
458 2024 9595
510 570 9596
3399 2572 9597
32 7396 9598
632 554 9599
1406 2819 9600
276 7487 9601
6325 513 9602
295 7052 9603
298 408 9604
995 688 9605
34 8943 9606
4875 395 9607
4498 115 9608
491 8738 9609
83 6309 9610
257 8991 9611
596 277 9612
272 8643 9613
5188 3486 9614
258 475 9615
7570 486 9616
694 9165 9617
857 5184 9618
6349 267 9619
5964 5512 9620
548 2066 9621
3717 622 9622
105 6588 9623
9557 613 9624
6849 115 9625
34 8517 9626
119 586 9627
491 8801 9628
1566 542 9629
8787 1698 9630
9185 1040 9631
79 5062 9632
111 6430 9633
2321 482 9634
114 267 9635
276 5939 9636
118 8430 9637
1615 395 9638
2878 277 9639
739 6977 9640
6225 330 9641
7922 5800 9642
266 3742 9643
1709 1143 9644
588 6227 9645
5532 2605 9646
1095 7281 9647
3072 7972 9648
1093 277 9649
32 9512 9650
259 670 9651
464 1466 9652
619 100 9653
32 7070 9654
3506 9331 9655
109 496 9656
351 5864 9657
402 8452 9658
3209 115 9659
760 3125 9660
3026 115 9661
6047 115 9662
115 97 9663
83 6402 9664
1915 9398 9665
267 5212 9666
372 9400 9667
1252 952 9668
32 6321 9669
74 6042 9670
80 7391 9671
493 273 9672
959 8930 9673
1512 558 9674
2313 2438 9675
6456 1268 9676
703 1102 9677
5717 1065 9678
1170 7021 9679
2704 957 9680
7645 115 9681
619 318 9682
995 5615 9683
1210 3770 9684
7270 775 9685
372 1942 9686
2798 115 9687
3844 7920 9688
5608 115 9689
77 6894 9690
268 3770 9691
412 97 9692
883 604 9693
1030 495 9694
2922 263 9695
336 337 9696
279 2482 9697
893 7668 9698
1173 604 9699
2706 115 9700
6831 9300 9701
7327 913 9702
402 1791 9703
7897 471 9704
613 913 9705
3336 992 9706
82 9351 9707
8198 115 9708
257 452 9709
101 6668 9710
588 117 9711
589 5934 9712
744 751 9713
1702 9595 9714
2436 7870 9715
3679 1379 9716
99 7841 9717
6573 3294 9718
9455 611 9719
428 1437 9720
284 868 9721
1020 287 9722
1170 6135 9723
2504 39 9724
3104 1719 9725
7227 924 9726
8015 8919 9727
8604 1793 9728
261 2532 9729
300 9416 9730
6500 9241 9731
1759 1465 9732
76 271 9733
1375 9717 9734
84 885 9735
412 1145 9736
462 9623 9737
280 2067 9738
953 277 9739
1042 7770 9740
32 9717 9741
3117 2567 9742
5356 6584 9743
278 542 9744
2366 628 9745
6067 1908 9746
259 5977 9747
2210 1823 9748
2400 9493 9749
5253 263 9750
8859 263 9751
2760 356 9752
5574 1544 9753
857 2685 9754
881 567 9755
1550 115 9756
4440 2532 9757
332 7951 9758
8933 681 9759
9476 957 9760
1934 3543 9761
5577 1796 9762
262 293 9763
516 542 9764
2871 9607 9765
4864 542 9766
83 1178 9767
117 1256 9768
1564 9265 9769
115 109 9770
1835 5753 9771
639 7416 9772
257 2287 9773
857 2780 9774
2689 288 9775
114 7401 9776
7969 855 9777
682 105 9778
1491 277 9779
74 7657 9780
502 1877 9781
848 303 9782
1728 1305 9783
74 759 9784
116 957 9785
275 328 9786
580 7986 9787
857 5570 9788
1432 302 9789
9590 3593 9790
9615 97 9791
6533 2947 9792
7931 1973 9793
621 1568 9794
268 4760 9795
1184 3048 9796
3369 395 9797
9469 288 9798
448 288 9799
4780 1036 9800
80 334 9801
280 4187 9802
444 796 9803
859 68 9804
859 593 9805
2854 3593 9806
7364 97 9807
34 6598 9808
8484 513 9809
79 7964 9810
351 7662 9811
372 8931 9812
390 633 9813
1812 9666 9814
3677 3359 9815
4008 115 9816
412 1181 9817
32 3422 9818
669 759 9819
5196 4262 9820
9786 8363 9821
72 4446 9822
970 8553 9823
4933 4431 9824
9763 270 9825
99 670 9826
661 9521 9827
2127 9565 9828
4693 115 9829
5853 115 9830
639 285 9831
2728 5644 9832
8932 273 9833
9046 8161 9834
3572 115 9835
8239 9175 9836
112 300 9837
755 385 9838
2224 273 9839
2332 115 9840
478 115 9841
3557 1611 9842
105 6936 9843
335 3083 9844
881 8547 9845
2143 1001 9846
3344 957 9847
8292 659 9848
78 1660 9849
111 2556 9850
1729 5270 9851
5745 121 9852
480 8924 9853
480 2067 9854
2352 263 9855
2798 1015 9856
3414 288 9857
9503 330 9858
66 6203 9859
345 395 9860
474 104 9861
98 3177 9862
266 7920 9863
72 6709 9864
105 7784 9865
859 374 9866
274 1660 9867
4570 115 9868
5790 311 9869
2519 472 9870
1981 1485 9871
632 2222 9872
464 3992 9873
2407 395 9874
4081 8701 9875
443 9846 9876
268 3270 9877
3002 1414 9878
8132 398 9879
4062 7484 9880
478 556 9881
2440 115 9882
1546 294 9883
3621 3543 9884
4359 115 9885
8599 2842 9886
308 433 9887
1479 115 9888
676 7113 9889
1042 8330 9890
1998 9792 9891
105 6675 9892
32 8592 9893
639 427 9894
670 913 9895
761 2658 9896
1212 8564 9897
1663 318 9898
5707 781 9899
656 115 9900
97 6533 9901
827 542 9902
897 2093 9903
1170 9237 9904
607 3259 9905
3591 115 9906
4941 740 9907
7043 115 9908
8817 2072 9909
276 1322 9910
610 6308 9911
1663 9209 9912
295 2605 9913
6567 964 9914
6867 1040 9915
7530 115 9916
106 643 9917
2055 97 9918
2456 7108 9919
5439 541 9920
857 2725 9921
2142 2064 9922
3669 288 9923
268 8630 9924
2383 115 9925
4397 5420 9926
9266 943 9927
99 114 9928
531 2222 9929
585 3052 9930
9720 978 9931
609 9060 9932
527 2344 9933
1751 1437 9934
109 751 9935
261 641 9936
272 9325 9937
1310 604 9938
280 6666 9939
4812 1371 9940
5722 288 9941
77 814 9942
577 115 9943
268 3195 9944
755 8801 9945
412 115 9946
3932 9461 9947
303 604 9948
115 2025 9949
724 301 9950
1998 7870 9951
578 5871 9952
3075 263 9953
8328 263 9954
9110 2064 9955
3211 395 9956
6812 363 9957
277 1996 9958
303 319 9959
32 7547 9960
721 2241 9961
421 2158 9962
279 9900 9963
7633 495 9964
9888 2727 9965
5439 6128 9966
609 1587 9967
829 277 9968
9013 3821 9969
300 105 9970
703 9637 9971
989 7518 9972
1212 9184 9973
4169 115 9974
1406 5871 9975
9972 781 9976
114 1434 9977
703 3868 9978
1663 1055 9979
2209 288 9980
3919 9958 9981
7867 9865 9982
478 620 9983
613 4154 9984
2261 9977 9985
4828 4729 9986
9628 478 9987
276 9327 9988
3874 115 9989
63 654 9990
8785 263 9991
276 751 9992
267 3450 9993
274 4624 9994
3944 8617 9995
5136 2001 9996
5527 1411 9997
7406 9959 9998
77 326 9999
